family,setting,metric,contrast,n,mean_delta,median_delta,dz,n_decrease,n_increase,n_equal,p,ci_low,ci_high,inference_status,matched_original_mean_delta,matched_original_dz,mean_change_from_epoch_processing,p_holm_family,p_holm_all72
amplitude_aggregation,all-ptp-150,rsec,imagery-rest,4,0.0015535133634600553,0.0009155861644787955,1.0030248204996988,0,4,0,,0.0006296137364993838,0.0031153401894019866,insufficient_cohort,-4.033702601411457e-05,-0.023952680449567196,0.0015938503894741699,,
amplitude_aggregation,all-ptp-150,rsec,execution-rest,4,0.0017900745498363145,0.0015555357025984502,1.9765837637214905,0,4,0,,0.0011417511647246236,0.002605413435447961,insufficient_cohort,0.002413369741454048,0.4317002883006228,-0.0006232951916177337,,
amplitude_aggregation,all-ptp-150,rsec,imagery-execution,4,-0.0002365611863762592,-0.00022616500024582806,-0.27198136768797443,3,1,0,,-0.0010101936503555714,0.0005266750914726219,insufficient_cohort,-0.0024537067674681627,-0.39782679985988006,0.0022171455810919036,,
amplitude_aggregation,all-ptp-150,linear,imagery-rest,4,0.002136645780491847,0.0012832935705206772,1.0006055475439393,0,4,0,,0.0008374832510858105,0.0042891605198690525,insufficient_cohort,-9.891785852071851e-05,-0.04460188446804272,0.0022355636390125654,,
amplitude_aggregation,all-ptp-150,linear,execution-rest,4,0.002508077523571676,0.002163845839804392,2.0005573805640986,0,4,0,,0.001620282515368784,0.0036457491389567977,insufficient_cohort,0.0032622472079666103,0.4268736935382361,-0.0007541696843949342,,
amplitude_aggregation,all-ptp-150,linear,imagery-execution,4,-0.0003714317430798292,-0.00033698894484810674,-0.3116743217448543,3,1,0,,-0.0014483071821487841,0.0006710008977574033,insufficient_cohort,-0.003361165066487329,-0.4019814940028973,0.002989733323407499,,
amplitude_aggregation,all-ptp-250,rsec,imagery-rest,20,0.0018843454533370688,0.0017408216903659537,0.6903102195096941,2,18,0,0.0022039368924026215,0.0006538634002184126,0.00298075961853766,estimable,-0.002638754546957673,-0.6388860547358646,0.004523100000294743,0.07493385434168913,0.09256534948091011
amplitude_aggregation,all-ptp-250,rsec,execution-rest,20,0.0029817848647771435,0.002288870616507334,0.7517441181898726,2,18,0,0.002495007691836849,0.0013517332583384816,0.0047307323913329015,estimable,-0.0008351411696545183,-0.20945228153208745,0.0038169260344316615,0.07984024613877917,0.09980030767347396
amplitude_aggregation,all-ptp-250,rsec,imagery-execution,20,-0.0010974394114400745,-0.0005722621803350954,-0.3932850003361932,15,5,0,0.02276874371892181,-0.0022949408966904637,0.0001059469721092751,estimable,-0.0018036133773031552,-0.5252494572922022,0.0007061739658630803,0.45537487437843616,0.6375248241298106
amplitude_aggregation,all-ptp-250,linear,imagery-rest,20,0.0025574662954497896,0.0023457694347993746,0.6793419533710068,2,18,0,0.0022039368924026215,0.0008576192474993694,0.0040745951720368,estimable,-0.0035307488012566155,-0.6365168213636201,0.006088215096706406,0.07493385434168913,0.09256534948091011
amplitude_aggregation,all-ptp-250,linear,execution-rest,20,0.004068361220617855,0.003111552889384908,0.7494216102278426,2,18,0,0.002495007691836849,0.001835064126860656,0.006464461450376518,estimable,-0.001054487941288072,-0.19785359224029186,0.005122849161905927,0.07984024613877917,0.09980030767347396
amplitude_aggregation,all-ptp-250,linear,imagery-execution,20,-0.001510894925168066,-0.0007648620067239893,-0.397214523371435,15,5,0,0.02276874371892181,-0.003137155563046226,0.0001299064393059186,estimable,-0.0024762608599685435,-0.535640936685759,0.000965365934800478,0.45537487437843616,0.6375248241298106
amplitude_aggregation,all-ptp-500,rsec,imagery-rest,70,-0.0006302166979494404,0.000285175195656958,-0.16388718696875054,33,37,0,0.47344050954880357,-0.0015271840880354622,0.0002474292175267585,estimable,-0.0017606071953004086,-0.4006007402941133,0.0011303904973509686,1.0,1.0
amplitude_aggregation,all-ptp-500,rsec,execution-rest,70,0.0010528222843198775,0.0011699996254511593,0.30204092348369377,20,50,0,0.006678047222836983,0.00025653187152652944,0.0018678774937240653,estimable,0.0009999298054892362,0.20969099949216907,5.289247883064162e-05,0.1936633694622725,0.24708774724496835
amplitude_aggregation,all-ptp-500,rsec,imagery-execution,70,-0.0016830389822693182,-0.0014665391952879327,-0.525991063790608,51,19,0,1.5473558080068963e-05,-0.002457545720750804,-0.0009727335964336509,estimable,-0.002760537000789645,-0.7415367641325517,0.001077498018520327,0.0006963101136031033,0.000851045694403793
amplitude_aggregation,all-ptp-500,linear,imagery-rest,70,-0.0008398523258651858,0.0003658923059964708,-0.1615305693622191,33,37,0,0.46624837542564634,-0.002058803271186716,0.0003425498713115296,estimable,-0.0023380653187200814,-0.39599754105352186,0.0014982129928548954,1.0,1.0
amplitude_aggregation,all-ptp-500,linear,execution-rest,70,0.001437957495539824,0.0016335504366510219,0.30496981899361747,20,50,0,0.006003324629380276,0.00035662767724597256,0.0025352793565753978,estimable,0.0013701166291614593,0.215039533095161,6.784086637836497e-05,0.1800997388814083,0.22812633591645048
amplitude_aggregation,all-ptp-500,linear,imagery-execution,70,-0.002277809821405009,-0.0019943735024772567,-0.5315827088897065,52,18,0,1.1848410806243246e-05,-0.0033075114082590294,-0.0013262159371266104,estimable,-0.0037081819478815407,-0.7448417905245112,0.001430372126476531,0.0005450268970871894,0.0006635110051496218
amplitude_aggregation,all-trim-top20,rsec,imagery-rest,106,-0.0019396821102811307,-0.0007683540357694028,-0.3088393389640633,60,46,0,0.009018803759856555,-0.0031634557761740824,-0.0008027382839450225,estimable,-0.0022584526807589303,-0.35401220564874525,0.0003187705704778001,0.23566753419087397,0.3066393278351229
amplitude_aggregation,all-trim-top20,rsec,execution-rest,106,0.00014932827441253732,0.0011174923528439202,0.024633950772978676,42,64,0,0.15109179207589366,-0.0010075804029956981,0.0012366910415704741,estimable,-1.61497727001205e-06,-0.0002545448073592965,0.0001509432516825493,1.0,1.0
amplitude_aggregation,all-trim-top20,rsec,imagery-execution,106,-0.0020890103846936676,-0.0016679067460317522,-0.544452958134701,80,26,0,1.548820256609863e-08,-0.0028303281451862467,-0.0013601594770437156,estimable,-0.0022568377034889184,-0.5688545135987341,0.0001678273187952509,7.898983308710301e-07,1.0222213693625096e-06
amplitude_aggregation,all-trim-top20,linear,imagery-rest,106,-0.0026002229352560416,-0.001028630762924393,-0.3077537052052775,60,46,0,0.009795283799901475,-0.004260064986986023,-0.0010743134422798132,estimable,-0.0030201991575259566,-0.3529096943850501,0.0004199762222699155,0.24488209499753688,0.32324436539674867
amplitude_aggregation,all-trim-top20,linear,execution-rest,106,0.00023818472230180003,0.0015656217275683594,0.029203149243251802,41,65,0,0.1466559417165631,-0.001327306795115169,0.0017051217403150284,estimable,1.3846371774954549e-05,0.001630387587961828,0.00022433835052684548,1.0,1.0
amplitude_aggregation,all-trim-top20,linear,imagery-execution,106,-0.0028384076575578413,-0.002254005714699074,-0.5498400478907485,80,26,0,1.3617590940781328e-08,-0.0038327013357643764,-0.001858028479745902,estimable,-0.0030340455293009112,-0.5717941220831545,0.00019563787174306998,7.08114728920629e-07,9.123785930323489e-07
amplitude_aggregation,fp-ptp-150,rsec,imagery-rest,15,0.0015012848207634924,0.0010357672048520311,1.149647195046142,0,15,0,0.0006549583433856954,0.0009113556145600313,0.0021826641336672764,estimable,-0.0009748091655643762,-0.22986300294401524,0.002476093986327869,0.026198333735427817,0.03143800048251338
amplitude_aggregation,fp-ptp-150,rsec,execution-rest,15,0.0014564624880246718,0.0013145677107648576,1.8501783359066837,0,15,0,0.0006549583433856954,0.001082128596107755,0.0018528102863269126,estimable,0.00019743063769756263,0.04428627296336616,0.001259031850327109,0.026198333735427817,0.03143800048251338
amplitude_aggregation,fp-ptp-150,rsec,imagery-execution,15,4.4822332738820904e-05,-0.00017757355220732532,0.05422808052252947,9,6,0,0.6495629244115453,-0.00031145782036443986,0.00047890286336701337,estimable,-0.0011722398032619384,-0.35264394856848885,0.0012170621360007596,1.0,1.0
amplitude_aggregation,fp-ptp-150,linear,imagery-rest,15,0.002085224885803331,0.0015225466188077824,1.1564757057068327,0,15,0,0.0006549583433856954,0.0012671071610348148,0.0030273203003023234,estimable,-0.00131333820179306,-0.22798954044075972,0.003398563087596392,0.026198333735427817,0.03143800048251338
amplitude_aggregation,fp-ptp-150,linear,execution-rest,15,0.0020336167527877746,0.0017800077930477769,1.8547015875835509,0,15,0,0.0006549583433856954,0.0015150456473406705,0.0025868990780204834,estimable,0.00028253799553713127,0.04655688299743234,0.0017510787572506438,0.026198333735427817,0.03143800048251338
amplitude_aggregation,fp-ptp-150,linear,imagery-execution,15,5.1608133015556304e-05,-0.00023519849020337338,0.045492974670226054,8,7,0,0.6495629244115453,-0.00043582557905263124,0.0006444021980692006,estimable,-0.0015958761973301912,-0.35373006619472563,0.0016474843303457478,1.0,1.0
amplitude_aggregation,fp-ptp-250,rsec,imagery-rest,34,0.0016508113587752776,0.0015399858854855475,0.7099619645243598,4,30,0,2.7024187761642687e-05,0.0008479748783529789,0.0024208003932993587,estimable,-0.0007856693024431984,-0.14121109688638867,0.002436480661218476,0.001135015885988993,0.0014052577636054198
amplitude_aggregation,fp-ptp-250,rsec,execution-rest,34,0.0024431275440202674,0.0014976298860111164,0.7565106217275712,3,31,0,1.709727175357432e-05,0.0014320714840596405,0.0035985468586564435,estimable,0.0005899047973333754,0.13773254064881796,0.0018532227466868927,0.0007522799571572701,0.0009232526746930133
amplitude_aggregation,fp-ptp-250,rsec,imagery-execution,34,-0.0007923161852449901,-0.0006374705934396223,-0.3465054498711771,23,11,0,0.01415325852266501,-0.001565551331375867,-4.9627992812164997e-05,estimable,-0.0013755740997765738,-0.3364694888924813,0.0005832579145315836,0.33967820454396025,0.45290427272528033
amplitude_aggregation,fp-ptp-250,linear,imagery-rest,34,0.002256211549355843,0.002004994925578021,0.7047837395674159,4,30,0,2.9138356158910945e-05,0.0011474043226787148,0.0033130027745695285,estimable,-0.0010265998036946278,-0.1375150327506327,0.0032828113530504704,0.0011946726025153487,0.0014860561641044582
amplitude_aggregation,fp-ptp-250,linear,execution-rest,34,0.0033459069184408967,0.0021226006678713256,0.7571924688215677,4,30,0,1.9938308505808032e-05,0.001955532244434952,0.004925942369459056,estimable,0.0008558101420099726,0.1487063666006461,0.002490096776430924,0.0008573472657497454,0.0010567303508078258
amplitude_aggregation,fp-ptp-250,linear,imagery-execution,34,-0.0010896953690850537,-0.0008089609694084772,-0.3489545360299857,23,11,0,0.014840284155625542,-0.002144631899844005,-7.393148502098908e-05,estimable,-0.0018824099457046004,-0.343044925757623,0.000792714576619547,0.34132653557938747,0.4600488088243918
amplitude_aggregation,fp-ptp-500,rsec,imagery-rest,77,-0.0007702401042274294,0.00023595954585537045,-0.19101474253005649,37,40,0,0.4539015795636323,-0.001685895504267863,8.782579243562375e-05,estimable,-0.0013774341158947349,-0.2742912335233405,0.0006071940116673054,1.0,1.0
amplitude_aggregation,fp-ptp-500,rsec,execution-rest,77,0.0009558123384019799,0.0012685716647770073,0.24827310984019207,22,55,0,0.008221835195805107,9.948922955280389e-05,0.0017804665309402907,estimable,0.0010839107199086735,0.22428943959098074,-0.00012809838150669352,0.230211385482543,0.29598606704898384
amplitude_aggregation,fp-ptp-500,rsec,imagery-execution,77,-0.0017260524426294095,-0.001549651399911825,-0.5733684566931802,60,17,0,5.619832597286353e-07,-0.0024249754658160665,-0.0010967489388950193,estimable,-0.002461344835803408,-0.6083476179926485,0.0007352923931739991,2.641321320724586e-05,3.428097884344676e-05
amplitude_aggregation,fp-ptp-500,linear,imagery-rest,77,-0.0010101865312099037,0.00030391263222664076,-0.18599612056638254,37,40,0,0.4662362753703797,-0.0022442622729653555,0.00014336901385264997,estimable,-0.0018266679962178486,-0.2712581383321132,0.0008164814650079447,1.0,1.0
amplitude_aggregation,fp-ptp-500,linear,execution-rest,77,0.0013211538381566164,0.0018359136523198871,0.25475875352746996,22,55,0,0.008728427192254591,0.00016826253229666586,0.0024381926712097324,estimable,0.001478891883235262,0.22879560816510128,-0.00015773804507864574,0.23566753419087397,0.30549495172891067
amplitude_aggregation,fp-ptp-500,linear,imagery-execution,77,-0.00233134036936652,-0.0019517656822344367,-0.5784013183078797,59,18,0,5.056576261063724e-07,-0.0032667527130153377,-0.0014834018673965466,estimable,-0.00330555987945311,-0.6112522560464331,0.0009742195100865904,2.4271566053105876e-05,3.135077281859509e-05
amplitude_aggregation,fp-trim-top20,rsec,imagery-rest,106,-0.0018765803397304606,-0.0005190141196814392,-0.2988306775909945,58,48,0,0.016529380420890766,-0.0031027871242563345,-0.0007315311698864284,estimable,-0.0022584526807589303,-0.35401220564874525,0.0003818723410284706,0.36364636925959687,0.495881412626723
amplitude_aggregation,fp-trim-top20,rsec,execution-rest,106,0.00026973182603674286,0.001244557429453265,0.0441142881038558,40,66,0,0.09327270266205734,-0.0009171850430358885,0.0013689885590155387,estimable,-1.61497727001205e-06,-0.0002545448073592965,0.00027134680330675494,1.0,1.0
amplitude_aggregation,fp-trim-top20,rsec,imagery-execution,106,-0.002146312165767203,-0.0017041187858245167,-0.526353618282557,79,27,0,9.942242563982205e-09,-0.0029354877733966467,-0.0013512173641112995,estimable,-0.0022568377034889184,-0.5688545135987341,0.00011052553772171563,5.368810984550391e-07,6.959569794787543e-07
amplitude_aggregation,fp-trim-top20,linear,imagery-rest,106,-0.0025124434900654696,-0.0006766936556161819,-0.29729841841698074,57,49,0,0.01831490707034781,-0.004170533962189114,-0.0009770204907804654,estimable,-0.0030201991575259566,-0.3529096943850501,0.0005077556674604875,0.384613048477304,0.5311323050400865
amplitude_aggregation,fp-trim-top20,linear,execution-rest,106,0.000400175162042554,0.0017306427055776147,0.04865626420700048,40,66,0,0.09204936340935035,-0.001192659166978661,0.0018833435276708963,estimable,1.3846371774954549e-05,0.001630387587961828,0.00038632879026759953,1.0,1.0
amplitude_aggregation,fp-trim-top20,linear,imagery-execution,106,-0.002912618652108024,-0.002293178013392863,-0.5313504076621234,79,27,0,1.0128711476909258e-08,-0.003967257983999852,-0.0018429306376719875,estimable,-0.0030340455293009112,-0.5717941220831545,0.00012142687719288803,5.368810984550391e-07,6.988810919067388e-07
amplitude_aggregation,median-epochs,rsec,imagery-rest,106,-0.0018244740776617206,-0.0005832248263888994,-0.2778757653925562,64,42,0,0.000929432684978654,-0.003082653410101259,-0.0005660642410831251,estimable,-0.0022584526807589303,-0.35401220564874525,0.00043397860309720966,0.03345957665923154,0.04089503813906078
amplitude_aggregation,median-epochs,rsec,execution-rest,106,3.0000269073825904e-05,0.0005142454117063504,0.004870702714430753,44,62,0,0.25717045064297794,-0.0011706782429830207,0.0011312890888224467,estimable,-1.61497727001205e-06,-0.0002545448073592965,3.1615246343838e-05,1.0,1.0
amplitude_aggregation,median-epochs,rsec,imagery-execution,106,-0.0018544743467355468,-0.0014958457341269493,-0.4265405739638652,78,28,0,2.3993774385708172e-08,-0.002679568573756644,-0.0009848445630709001,estimable,-0.0022568377034889184,-0.5688545135987341,0.0004023633567533717,1.1996887192854086e-06,1.535601560685323e-06
amplitude_aggregation,median-epochs,linear,imagery-rest,106,-0.002404956983284666,-0.0008785187251983996,-0.27124461282001944,66,40,0,0.0011556735718802227,-0.004092565343993331,-0.000716301574432839,estimable,-0.0030201991575259566,-0.3529096943850501,0.0006152421742412906,0.04044857501580779,0.04969396359084958
amplitude_aggregation,median-epochs,linear,execution-rest,106,0.00010414180658505357,0.0007514105902777998,0.012540310093761027,44,62,0,0.23041364963672395,-0.001514920180127383,0.0015782680551460863,estimable,1.3846371774954549e-05,0.001630387587961828,9.029543481009909e-05,1.0,1.0
amplitude_aggregation,median-epochs,linear,imagery-execution,106,-0.00250909878986972,-0.001971726190476199,-0.42517705762944835,78,28,0,3.260529941167617e-08,-0.0036263967709971212,-0.0013251337472390732,estimable,-0.0030340455293009112,-0.5717941220831545,0.0005249467394311915,1.5976596711721322e-06,2.054133862935599e-06
