metric,contrast,n,mean_delta,median_delta,dz,p,ci_low,ci_high,n_decrease,n_increase,n_zero,p_holm_12,dz_1hz,dz_change
coh,imagery-rest,106,0.008027134538862637,0.006992450058280142,0.24107610849052755,0.007557464581710288,0.0016623683933476411,0.014321397611464642,40,66,0,0.022672393745130866,0.2457326720332887,-0.004656563542761144
coh,execution-rest,106,0.018088210356486743,0.018729610974205835,0.534020646605135,6.006215258961562e-07,0.011734813750691304,0.024609902522780898,29,77,0,6.606836784857718e-06,0.5479214790471261,-0.013900832441991029
coh,imagery-execution,106,-0.010061075817624103,-0.0075835012077328234,-0.3936035127359514,6.235762295866217e-06,-0.015040670456069643,-0.0051887240996547155,76,30,0,4.988609836692974e-05,-0.4017492766259226,0.00814576388997118
plv,imagery-rest,106,0.00776789785646205,0.009211782804913915,0.27103066260972764,0.0026255926999321083,0.00228718436103297,0.013104676169666915,35,71,0,0.010502370799728433,0.271497480657267,-0.0004668180475393413
plv,execution-rest,106,0.016774401647812787,0.017076367571431994,0.566814985660363,1.4740168134348437e-07,0.011163570267512917,0.0224020871068486,28,78,0,1.7688201761218125e-06,0.5794127448158057,-0.0125977591554427
plv,imagery-execution,106,-0.009006503791350737,-0.00786914739175007,-0.4548670036959199,3.112986352321558e-06,-0.01281446152584457,-0.005231007896377789,79,27,0,2.8016877170894023e-05,-0.4701254059112698,0.015258402215349853
pli,imagery-rest,106,9.0234621975947e-06,0.0010648699294533576,0.0007189328472128488,0.6063196787986369,-0.0024239376718432986,0.0023600604103232808,50,56,0,0.6063196787986369,-0.0055445916542337,0.006263524501446549
pli,execution-rest,106,0.0034643514878872636,0.0045548666225749546,0.27205971022026665,0.0015789409261197046,0.0010800336758240144,0.005836129900783263,34,72,0,0.007894704630598524,0.2736930683401992,-0.0016333581199325375
pli,imagery-execution,106,-0.0034553280256896693,-0.002907173170193983,-0.42230128112407944,7.340693049996143e-06,-0.005006819110636932,-0.0018740518137395565,74,32,0,5.1384851349973e-05,-0.432727368052944,0.010426086928864542
wpli,imagery-rest,106,0.004538756222396679,0.005624562322935511,0.2145687476402526,0.04416920368212601,0.00047287156320272315,0.008701690571568079,42,64,0,0.08833840736425203,0.2073148179670508,0.007253929673201792
wpli,execution-rest,106,0.010664271382419748,0.011114366208149318,0.515836238838125,1.4990711342127479e-06,0.0067866188340475,0.01468409500636879,32,74,0,1.4990711342127479e-05,0.5170566428397271,-0.00122040400160206
wpli,imagery-execution,106,-0.006125515160023071,-0.005577434378475188,-0.3605003448897237,3.378751647184014e-05,-0.009405980499906203,-0.002853740853565407,72,34,0,0.00020272509883104085,-0.3652545230988742,0.0047541782091504725
