band,contrast,baseline,rsec_abs_dz,baseline_abs_dz,baseline_minus_rsec_abs_dz,ci_low,ci_high,interval_confidence,direction_supported
broadband,imagery-rest,power_uv2,0.34305785370617586,0.0838204027463365,-0.25923745095983936,-0.48755484459868653,0.10513329497126041,0.9988888888888889,unresolved
broadband,imagery-rest,coh,0.34305785370617586,0.2457326720332887,-0.09732518167288717,-0.5377409363290518,0.43567772972223057,0.9988888888888889,unresolved
broadband,imagery-rest,plv,0.34305785370617586,0.271497480657267,-0.07156037304890889,-0.5318916841829344,0.4802083313830404,0.9988888888888889,unresolved
broadband,imagery-rest,pli,0.34305785370617586,0.005544591654233783,-0.3375132620519421,-0.5595510814403237,0.18373813675977888,0.9988888888888889,unresolved
broadband,imagery-rest,wpli,0.34305785370617586,0.20731481796705079,-0.13574303573912508,-0.5554145868717104,0.3633577925084762,0.9988888888888889,unresolved
broadband,execution-rest,power_uv2,0.0003550352123907507,0.33464756233316767,0.3342925271207769,-0.17782554986633067,0.5358863303266879,0.9988888888888889,unresolved
broadband,execution-rest,coh,0.0003550352123907507,0.5479214790471261,0.5475664438347353,0.06220183225559069,0.8590873981264308,0.9988888888888889,baseline_larger
broadband,execution-rest,plv,0.0003550352123907507,0.5794127448158054,0.5790577096034146,0.08179801022593942,0.8937589606112702,0.9988888888888889,baseline_larger
broadband,execution-rest,pli,0.0003550352123907507,0.2736930683401993,0.2733380331278085,-0.2048635491012705,0.570314822633566,0.9988888888888889,unresolved
broadband,execution-rest,wpli,0.0003550352123907507,0.5170566428397271,0.5167016076273363,0.03888398455329595,0.7946561039333949,0.9988888888888889,baseline_larger
broadband,imagery-execution,power_uv2,0.545184517276502,0.49555261021336566,-0.049631907063136305,-0.3770028651634726,0.22093304786545198,0.9988888888888889,unresolved
broadband,imagery-execution,coh,0.545184517276502,0.40174927662592297,-0.143435240650579,-0.5466175166373048,0.16044886592484595,0.9988888888888889,unresolved
broadband,imagery-execution,plv,0.545184517276502,0.4701254059112697,-0.07505911136523225,-0.49386460324299963,0.2827127603063122,0.9988888888888889,unresolved
broadband,imagery-execution,pli,0.545184517276502,0.4327273680529439,-0.1124571492235581,-0.5818122311867012,0.3175370730742884,0.9988888888888889,unresolved
broadband,imagery-execution,wpli,0.545184517276502,0.3652545230988745,-0.17992999417762745,-0.5832891620934664,0.14509038733936497,0.9988888888888889,unresolved
mu,imagery-rest,power_uv2,0.20756682752745176,0.3265329068477732,0.11896607932032144,-0.23184270881436408,0.4499259672730474,0.9988888888888889,unresolved
mu,imagery-rest,coh,0.20756682752745176,0.4984989725988162,0.29093214507136445,-0.07597823048314983,0.6693006260671468,0.9988888888888889,unresolved
mu,imagery-rest,plv,0.20756682752745176,0.5465370236637571,0.33897019613630536,-0.04002852632969081,0.738761528816682,0.9988888888888889,unresolved
mu,imagery-rest,pli,0.20756682752745176,0.21000325783187693,0.002436430304425169,-0.37760438805837165,0.3594724623888847,0.9988888888888889,unresolved
mu,imagery-rest,wpli,0.20756682752745176,0.33505181303535625,0.1274849855079045,-0.2580535740080835,0.4926227688438928,0.9988888888888889,unresolved
mu,execution-rest,power_uv2,0.40820829886214477,0.2218972276048229,-0.18631107125732188,-0.5644999825551569,0.16994581779238946,0.9988888888888889,unresolved
mu,execution-rest,coh,0.40820829886214477,0.619513642465497,0.21130534360335224,-0.15205831413557833,0.6090251065422287,0.9988888888888889,unresolved
mu,execution-rest,plv,0.40820829886214477,0.6516207033468563,0.24341240448471152,-0.1328832008984219,0.6694978622173603,0.9988888888888889,unresolved
mu,execution-rest,pli,0.40820829886214477,0.20855122464966572,-0.19965707421247905,-0.6050973767596207,0.19317083817049238,0.9988888888888889,unresolved
mu,execution-rest,wpli,0.40820829886214477,0.2903541065263373,-0.11785419233580746,-0.5223211253361959,0.2827001134594492,0.9988888888888889,unresolved
mu,imagery-execution,power_uv2,0.29774710420007594,0.18750637370603002,-0.11024073049404592,-0.4786146152771091,0.38017911215847655,0.9988888888888889,unresolved
mu,imagery-execution,coh,0.29774710420007594,0.2076841354190874,-0.09006296878098854,-0.3813404410984873,0.1735646177418652,0.9988888888888889,unresolved
mu,imagery-execution,plv,0.29774710420007594,0.1891182405133041,-0.10862886368677185,-0.4165607691712914,0.19490988643047139,0.9988888888888889,unresolved
mu,imagery-execution,pli,0.29774710420007594,0.06054142892057309,-0.23720567527950284,-0.5140590487740059,0.14445878927901937,0.9988888888888889,unresolved
mu,imagery-execution,wpli,0.29774710420007594,0.0060536925189820096,-0.2916934116810939,-0.5155758822605839,0.1912420364164996,0.9988888888888889,unresolved
beta,imagery-rest,power_uv2,0.18635936252341279,0.2531096744953136,0.06675031197190079,-0.39145192654010463,0.41684008732601385,0.9988888888888889,unresolved
beta,imagery-rest,coh,0.18635936252341279,0.18367761113770076,-0.002681751385712028,-0.3557511762656274,0.3649230963685167,0.9988888888888889,unresolved
beta,imagery-rest,plv,0.18635936252341279,0.22894633939388082,0.04258697687046803,-0.30868222096352255,0.40101031843436424,0.9988888888888889,unresolved
beta,imagery-rest,pli,0.18635936252341279,0.05851247441137278,-0.12784688811204,-0.43883921286480854,0.2441760723351546,0.9988888888888889,unresolved
beta,imagery-rest,wpli,0.18635936252341279,0.24404813500761302,0.057688772484200235,-0.3200629219977031,0.42975034516223276,0.9988888888888889,unresolved
beta,execution-rest,power_uv2,0.4588026989421049,0.15035551592944896,-0.30844718301265595,-0.7664804431772765,0.14161038959786754,0.9988888888888889,unresolved
beta,execution-rest,coh,0.4588026989421049,0.3163350562512569,-0.142467642690848,-0.5520675418955607,0.24492989489531272,0.9988888888888889,unresolved
beta,execution-rest,plv,0.4588026989421049,0.35112083325539706,-0.10768186568670784,-0.5140017229024372,0.2755240234630335,0.9988888888888889,unresolved
beta,execution-rest,pli,0.4588026989421049,0.2327717742938552,-0.2260309246482497,-0.6320118381681696,0.164381317841836,0.9988888888888889,unresolved
beta,execution-rest,wpli,0.4588026989421049,0.4326144052409856,-0.026188293701119303,-0.4515348780362663,0.38230176414324507,0.9988888888888889,unresolved
beta,imagery-execution,power_uv2,0.4191278741264855,0.2344758798976356,-0.1846519942288499,-0.5309672062544054,0.13259559593565903,0.9988888888888889,unresolved
beta,imagery-execution,coh,0.4191278741264855,0.2406814396130624,-0.1784464345134231,-0.5230127460577485,0.16536103601720678,0.9988888888888889,unresolved
beta,imagery-execution,plv,0.4191278741264855,0.2583173961210314,-0.16081047800545412,-0.5082446994834644,0.19339803061279837,0.9988888888888889,unresolved
beta,imagery-execution,pli,0.4191278741264855,0.3085099685331532,-0.11061790559333229,-0.5186012320191961,0.32495383311908366,0.9988888888888889,unresolved
beta,imagery-execution,wpli,0.4191278741264855,0.3118448793932318,-0.1072829947332537,-0.5069583433106197,0.3171973523432981,0.9988888888888889,unresolved
