subject,execution,imagery,rest
1,0.014859664351851803,0.013798673115079313,0.014090195105820035
2,0.016727051642416172,0.012236552028218642,0.01941297743055552
3,0.026809723600088133,0.023337639164462045,0.027048507771163986
4,0.013892247437169263,0.01254562458664016,0.023376167741402065
5,0.012680345430996418,0.013210358796296244,0.010525483630952332
6,0.01781859705687825,0.014903463266093424,0.023025380291005242
7,0.02454535590277773,0.01713281594466486,0.021811755952380905
8,0.02624881159060842,0.019691891947751276,0.028698071676587254
9,0.012927637924382663,0.014501057512125177,0.01528495990410048
10,0.014915364583333283,0.012754543513007009,0.011602079199735401
11,0.016733923748897664,0.01492793761022923,0.016176680307539628
12,0.02598000716490295,0.022926018931878255,0.01935867228835974
13,0.016769042107583725,0.016115365272266265,0.01694842303240736
14,0.01229225225970013,0.013343030065035226,0.0135785073578042
15,0.020014450369268036,0.015042438271604897,0.015738363921957613
16,0.03674196704144616,0.02561061852402993,0.03027534928902113
17,0.0211383756338183,0.01976335152116397,0.016229228670634872
18,0.030066206459435578,0.027856057787698365,0.04660414599867721
19,0.021970313877865917,0.012767891589506126,0.023659680886243328
20,0.02254858699845674,0.015439263668430282,0.01420624586640208
21,0.03255561411485886,0.03278258308531741,0.03488146908068778
22,0.017920679701278603,0.017844087577160442,0.025639105902777733
23,0.022285139026675442,0.023049286265432043,0.019411272321428533
24,0.02121071359678126,0.013360081156305067,0.040911096643518476
25,0.012439804480820056,0.010838414214065206,0.015686228918650753
26,0.031471423059964684,0.028388051835317413,0.03208400504298937
27,0.018746520888447922,0.015668333884479673,0.013417865410052859
28,0.017071776482583723,0.015061349481922351,0.01676013764880946
29,0.015002152915564322,0.01311556161816574,0.020052703373015828
30,0.03885838638117279,0.02420386904761899,0.03522197420634916
31,0.016963338431437342,0.015307195216049334,0.01920485077711635
32,0.02853248663470013,0.013733155588624294,0.013124948330026413
33,0.024303729883156915,0.021448016561948807,0.0181059854497354
34,0.012452566964285669,0.016231433256172788,0.009920789930555507
35,0.019915450699955862,0.018365799300044037,0.02086015004960313
36,0.018755356453924114,0.02094404486331565,0.02171435805224864
37,0.017265935019841226,0.01526313795193998,0.019545820932539634
38,0.010854518022486721,0.009174554949294492,0.011661396329365026
39,0.015261742862654276,0.01148750964506168,0.013558821097883554
40,0.011092182677469087,0.008978364059744216,0.01387783151455022
41,0.023236882716049338,0.01902271412037032,0.02270476810515868
42,0.01668802358906521,0.014265786899250397,0.016253048528439087
43,0.020375382357804186,0.0174057367449294,0.01822286292989412
44,0.023695539847883543,0.023445663855820056,0.023859488673941737
45,0.03205911733906522,0.026686921296296247,0.026244212962962907
46,0.030805776014109304,0.01419639412477949,0.016929821841931165
47,0.024603880759479668,0.024104989941578437,0.033747881531084614
48,0.02320689690806874,0.013537929205246862,0.012031560019841219
49,0.013443993193342102,0.014532335069444392,0.01480752934854492
50,0.020393139605379144,0.014877180472883545,0.02682844535383594
51,0.028550812251984074,0.030330085014329766,0.03703476355820101
52,0.013404138420414411,0.012439408344356214,0.010834005042989373
53,0.025828441909171027,0.024930056079144572,0.023671358300264508
54,0.023742800650352676,0.018428371638007007,0.02343925677910048
55,0.039033134231701884,0.0334572034832451,0.032458612351190436
56,0.014884913745590775,0.014527254188712478,0.014946056547618988
57,0.01502275201168426,0.012042841297398537,0.0112767133763227
58,0.014436315035273322,0.012546382412918828,0.010535817625661328
59,0.02056072255291,0.017504667520943516,0.01198164682539678
60,0.020640638778659553,0.01840251942791001,0.015294570519179847
61,0.026814132771163977,0.02510420111331565,0.02651563533399466
62,0.031867456183862386,0.029273640735229232,0.025547598379629593
63,0.017791056960978786,0.015762683256172787,0.019014395254629578
64,0.02216497189153435,0.024293654238315653,0.02707429108796291
65,0.01597299727182535,0.012661141424162215,0.0143487516534391
66,0.01776374076829801,0.021096540178571384,0.021278211805555506
67,0.015752900407848266,0.010844390707671906,0.020355799437830634
68,0.019180755346119883,0.013465660135581967,0.012015749007936467
69,0.01648008639219572,0.014631868661816533,0.01300745081018514
70,0.028553395750661334,0.028982273754409125,0.031999989666005264
71,0.022693228477733637,0.02259682953042324,0.04442894345238091
72,0.022107015404541405,0.015448150903880018,0.017053623098544926
73,0.02495797508818337,0.020726118138227466,0.027380332341269794
74,0.013850653108465559,0.013205019565696599,0.012870628720238054
75,0.01766734182098761,0.0175663442460317,0.012118210565476148
76,0.020625585593033458,0.016631944444444397,0.021464688740079316
77,0.020241247106481428,0.017018952546296248,0.014162171378968214
78,0.018237916115520225,0.01696215002204581,0.018338500330687787
79,0.016053809110449686,0.01693919133046732,0.010619729662698354
80,0.014074986910273314,0.01367323564263663,0.010390624999999947
81,0.028559940613977028,0.029633005401234522,0.0426818266369047
82,0.015417596726190412,0.014624548748897657,0.014388589203042286
83,0.014029775683421472,0.012201605902777721,0.009419074487433808
84,0.011876498429232758,0.00949887014991177,0.007380435681216874
85,0.017392181988536107,0.011501374421296244,0.015163380456349159
86,0.026366601906966443,0.040376501873897665,0.021457971643518474
87,0.014002855627204538,0.013289534419091658,0.01456225198412694
89,0.01589419559390257,0.02208452174272482,0.02049670345568779
90,0.024679938960537873,0.025464754188712475,0.027914806547619013
91,0.036798993468915304,0.03999417851631388,0.038447989004629576
93,0.015394603587962923,0.013157638199955867,0.014534350198412647
94,0.01838188588514104,0.015345362103174555,0.02405666129298937
95,0.020329861111111062,0.019440414186507885,0.018415385251322705
96,0.024835034997795366,0.02501250413359784,0.034343326306216906
97,0.022319809578924113,0.024201423335537875,0.021093698330026413
98,0.014022628003747746,0.014236645034171021,0.011165002893518466
99,0.019331252755731873,0.021023117146163967,0.023081907242063444
101,0.012508112185846514,0.011067863343253916,0.00934658151455022
102,0.0227956728119488,0.021724313133818295,0.018823888062169256
103,0.019910059799382665,0.016869833002645454,0.015159246858465572
104,0.016546189511684246,0.012550802656131843,0.025939360119047555
105,0.027364504106040525,0.019806358162477906,0.015389953290343867
106,0.014977024085096952,0.01453540082120807,0.018389705274470855
107,0.021525607638888836,0.021187444885361503,0.021498894262566084
108,0.02742638751102288,0.024135836915784786,0.048756303736772436
109,0.012851114693562569,0.012735821759259212,0.01352678571428564
