setting,contrast,n,mean_delta,median_delta,ci_low,ci_high,p,dz,n_decrease,n_increase,n_equal,p_holm
d2,imagery-rest,106,-0.008413008014723186,-0.0034981777722663185,-0.014485069361693562,-0.0024909612445579883,0.042858219028628734,-0.2678282677934415,58,48,0,0.21429109514314368
d2,execution-rest,106,0.00390978549044249,0.007943336984678147,-0.0020320271761931764,0.009750036774156985,0.03350746152232378,0.1268328704530758,42,64,0,0.20104476913394265
d2,imagery-execution,106,-0.012322793505165677,-0.01137640197861553,-0.016225258708328392,-0.0085801220317667,7.99087017380533e-11,-0.6055067658317991,85,21,0,1.6780827364991194e-09
d4,imagery-rest,106,-0.00031298568846651194,-0.00014656187996031438,-0.0004692016190129298,-0.00016032416638830775,0.0004178581420449574,-0.3842357873957459,68,38,0,0.005014297704539488
d4,execution-rest,106,-3.1565629295582265e-05,-2.02804646164019e-05,-0.0001881640119674162,0.0001260144541264027,0.7017534363899278,-0.037993845715513085,54,52,0,1.0
d4,imagery-execution,106,-0.00028142005917092966,-0.00020879836309523796,-0.0003803725395914923,-0.00018359068311084694,2.800440451680109e-09,-0.54427160319971,81,25,0,5.040792813024196e-08
d5,imagery-rest,106,-4.0199483144279954e-05,-2.5387180335108912e-05,-6.427808890251274e-05,-1.6230420167225647e-05,0.00643387800918958,-0.31636062535563547,64,42,0,0.06433878009189581
d5,execution-rest,106,-2.8628465022974146e-07,1.560433201059444e-05,-2.5306741910147674e-05,2.4970115907123648e-05,0.5212566401065137,-0.0021587246908754045,47,59,0,1.0
d5,imagery-execution,106,-3.991319849405021e-05,-3.543699018959554e-05,-5.6277889505658566e-05,-2.3883612539671527e-05,5.534909323982302e-07,-0.47154314865020225,76,30,0,9.409345850769914e-06
average-reference,imagery-rest,106,-0.0027743149378571313,-0.0019708133542769065,-0.003925153872415221,-0.0016921241144518618,4.1577909157379576e-06,-0.4709989474630162,68,38,0,5.820907282033141e-05
average-reference,execution-rest,106,-0.0007138973364421114,-0.0006351445381393176,-0.0018293520704743339,0.0003569585147631838,0.4579237634428578,-0.12467084901362924,59,47,0,1.0
average-reference,imagery-execution,106,-0.0020604176014150204,-0.0017470651455026515,-0.002755816851145649,-0.0013795496325679944,2.096267157679428e-09,-0.5716865978108472,82,24,0,3.982907599590913e-08
no-frontopolar,imagery-rest,106,-0.001921627111983399,-0.0006854887674559796,-0.003092398838342645,-0.000782987514335261,0.010345500521983443,-0.3144884369824391,59,47,0,0.08276400417586754
no-frontopolar,execution-rest,106,0.0002087433511517188,0.0007427424863388011,-0.0009520548814453944,0.0013581474652670377,0.15471349996041112,0.03446984289956967,44,62,0,0.6188539998416445
no-frontopolar,imagery-execution,106,-0.002130370463135118,-0.0018085629174256256,-0.002876121303952339,-0.0014157991970868951,5.37839381643393e-10,-0.5545994921680797,85,21,0,1.075678763286786e-08
mu-8-13,imagery-rest,106,0.0004627448859632079,0.0006998353450176206,5.277707758696225e-05,0.0008848675513346056,0.007628732888941024,0.20800541456697788,41,65,0,0.06865859600046922
mu-8-13,execution-rest,106,0.0009423267523285338,0.0007772111304012296,0.0005068479977330321,0.0013969577574649782,1.8535255444131923e-05,0.4056100830041334,31,75,0,0.00024095832077371498
mu-8-13,imagery-execution,106,-0.0004795818663653261,-0.0003580126350308608,-0.0007750710219280409,-0.00020589940729315865,0.0020200003929714966,-0.31895318961555114,67,39,0,0.022220004322686462
beta-13-30,imagery-rest,106,0.00041276618717673793,0.00042433104607583587,1.4804946917619715e-05,0.0008088163492830394,0.023925161765844805,0.19423047096667806,42,64,0,0.16747613236091363
beta-13-30,execution-rest,106,0.0011028389751994916,0.0008463713899911829,0.0006487913629199638,0.0015669552970574506,7.300493246024271e-07,0.4590862280986598,31,75,0,1.1680789193638833e-05
beta-13-30,imagery-execution,106,-0.0006900727880227535,-0.0005869708994708928,-0.0009904111431499774,-0.0004043917274245437,1.6736723727610141e-06,-0.44878445081012797,74,32,0,2.5105085591415213e-05
