band,metric,contrast,mean_first,mean_second,n,mean_delta,median_delta,dz,p,ci_low,ci_high,n_decrease,n_increase,n_zero,p_holm_54
broadband,rsec_d3,imagery-rest,0.01827969107790189,0.020488806723881852,106,-0.0022091156459799585,-0.001137590680803601,-0.34305785370617575,0.0021981883525622123,-0.003454489738660103,-0.0010367029394755473,64,42,0,0.061549273871741944
broadband,power_uv2,imagery-rest,1942.7214330660256,2038.3152377128786,106,-95.59380464685331,-157.1781869148922,-0.08382040274633651,0.09829706433684554,-308.46753358479486,124.58469291736444,64,42,0,1.0
broadband,coh,imagery-rest,0.6126225929933208,0.6044424354473759,106,0.008180157545944908,0.006425198218819206,0.2457326720332887,0.006620518193986524,0.0018143143980213347,0.0144821877506429,38,68,0,0.1456514002677035
broadband,plv,imagery-rest,0.5459063026018001,0.5381320059655993,106,0.007774296636200738,0.009563046585600171,0.27149748065726703,0.0022686428575234667,0.0023104440792626993,0.013084818105166759,34,72,0,0.061549273871741944
broadband,pli,imagery-rest,0.2662929620884164,0.26636277213035336,106,-6.981004193697493e-05,0.001145833333333346,-0.005544591654233784,0.62404981190251,-0.002515855631944297,0.0022875335522071164,50,56,0,1.0
broadband,wpli,imagery-rest,0.4063759259156141,0.4019565125222954,106,0.004419413393318735,0.005600345767117765,0.20731481796705084,0.05161969443326649,0.00031118281632489854,0.00862095835687641,41,65,0,0.6710560276324644
broadband,rsec_d3,execution-rest,0.020486528541128465,0.020488806723881852,106,-2.2781827533849643e-06,0.00048651155340609896,-0.0003550352123907507,0.3681923739268578,-0.0012420861153470749,0.0011490675793777458,47,59,0,1.0
broadband,power_uv2,execution-rest,2537.9292575323284,2038.3152377128786,106,499.61401981944954,95.43057608061827,0.33464756233316784,0.01624714891296046,219.4560107511609,795.1786267479869,46,60,0,0.30869582934624873
broadband,coh,execution-rest,0.6228839362395309,0.6044424354473759,106,0.018441500792155046,0.01990219674803123,0.5479214790471261,4.048510746972816e-07,0.01208320122673254,0.024922687767741265,29,77,0,1.9432851585469516e-05
broadband,plv,execution-rest,0.5551755466604997,0.5381320059655993,106,0.017043540694900522,0.017032544140320627,0.5794127448158057,9.249803663353985e-08,0.011474523360726734,0.022625211308728483,28,78,0,4.624901831676993e-06
broadband,pli,execution-rest,0.26982830995159446,0.26636277213035336,106,0.0034655378212410867,0.004781746031746081,0.27369306834019924,0.0014010234978783062,0.0010765906636404003,0.005819379053285043,34,72,0,0.04203070493634919
broadband,wpli,execution-rest,0.4126156973099685,0.4019565125222954,106,0.010659184787673089,0.011150298829184946,0.5170566428397271,1.4990711342127479e-06,0.006784445218919662,0.01465732763969078,32,74,0,6.895727217378641e-05
broadband,rsec_d3,imagery-execution,0.01827969107790189,0.020486528541128465,106,-0.0022068374632265735,-0.0017585203786376017,-0.5451845172765021,3.2033132543930892e-09,-0.0029984676355371666,-0.0014261152348380738,83,23,0,1.6977560248283372e-07
broadband,power_uv2,imagery-execution,1942.7214330660256,2537.9292575323284,106,-595.2078244663028,-171.86666332364615,-0.49555261021336583,9.40263554319505e-09,-828.8999289972373,-374.37472913214214,81,25,0,4.795344127029476e-07
broadband,coh,imagery-execution,0.6126225929933208,0.6228839362395309,106,-0.010261343246210138,-0.007058457414972186,-0.40174927662592264,4.4842367133363685e-06,-0.015219189234724958,-0.005366212534588104,77,29,0,0.0001838537052467911
broadband,plv,imagery-execution,0.5459063026018001,0.5551755466604997,106,-0.009269244058699779,-0.007443787857979056,-0.47012540591126983,1.8971616272587858e-06,-0.0130581883002717,-0.005509345351677051,79,27,0,8.347511159938657e-05
broadband,pli,imagery-execution,0.2662929620884164,0.26982830995159446,106,-0.0035353478631780615,-0.0031174980322706963,-0.432727368052944,5.2910287578831215e-06,-0.005087067919454304,-0.001959195574909031,74,32,0,0.00021164115031532485
broadband,wpli,imagery-execution,0.4063759259156141,0.4126156973099685,106,-0.006239771394354353,-0.0056982570528135434,-0.36525452309887424,2.4219126207858468e-05,-0.00953621394706438,-0.002956848959799069,74,32,0,0.0009203267958986218
mu,rsec_d3,imagery-rest,0.011815941074002271,0.011342168508847412,106,0.0004737725651548602,0.0006439460875495998,0.20756682752745173,0.009018803759856555,4.90246360240368e-05,0.0009035414014924628,41,65,0,0.18422183943437365
mu,power_uv2,imagery-rest,232.65430857119287,199.97131289928345,106,32.682995671909474,12.56890088671365,0.3265329068477734,0.0049072269227524385,15.08139148032672,52.67638393725188,41,65,0,0.11286621922330609
mu,coh,imagery-rest,0.630882521998736,0.6131235902518231,106,0.017758931746912853,0.016022051467274256,0.49849897259881626,2.0193955147871644e-06,0.011061796176135088,0.024592559039811706,32,74,0,8.683400713584807e-05
mu,plv,imagery-rest,0.5615565367998335,0.5441530446831317,106,0.017403492116701683,0.018622442341267087,0.5465370236637569,1.448977598524462e-07,0.011498253509980275,0.02351594506527171,29,77,0,7.099990232769864e-06
mu,pli,imagery-rest,0.24737014188973983,0.24365786496289646,106,0.0037122769268434067,0.003195546737213395,0.21000325783187698,0.031463205804183145,0.0003974422053936737,0.00720048748229199,39,67,0,0.47459839088780836
mu,wpli,imagery-rest,0.3845984063532177,0.3725058522386552,106,0.012092554114562531,0.009372938823457855,0.33505181303535625,0.0012555133706205516,0.005360378439419278,0.01904123731743494,39,67,0,0.04017642785985765
mu,rsec_d3,execution-rest,0.012293112646001745,0.011342168508847412,106,0.0009509441371543348,0.0007009897383433005,0.40820829886214455,1.8535255444131923e-05,0.000515140419733716,0.001400744998760894,32,74,0,0.000722874962321145
mu,power_uv2,execution-rest,220.1704168449189,199.97131289928345,106,20.1991039456355,4.726911924738303,0.22189722760482283,0.06589642279365943,4.166045295039938,38.91781253892565,44,62,0,0.7907570735239131
mu,coh,execution-rest,0.6388338405586517,0.6131235902518231,106,0.025710250306828417,0.01893165294157556,0.6195136424654971,3.5931002514675317e-09,0.01801680473523462,0.033895256371749144,29,77,0,1.8684121307631164e-07
mu,plv,execution-rest,0.5671794533259624,0.5441530446831317,106,0.023026408642830655,0.017400287877727738,0.6516207033468564,7.114533442403617e-10,0.016523698935093326,0.02984480326886414,25,81,0,3.841848058897953e-08
mu,pli,execution-rest,0.24808560863199225,0.24365786496289646,106,0.004427743669095869,0.0033152242378432506,0.20855122464966572,0.02315082475770076,0.0005971005540581063,0.008749458249844305,42,64,0,0.41671484563861366
mu,wpli,execution-rest,0.38444273027005504,0.3725058522386552,106,0.011936878031399914,0.0082907217404323,0.2903541065263374,0.0031598415592274253,0.004376013870318804,0.020167024951201182,36,70,0,0.08215588053991306
mu,rsec_d3,imagery-execution,0.011815941074002271,0.012293112646001745,106,-0.0004771715719994747,-0.00036127387152775064,-0.29774710420007583,0.003324902224380456,-0.0007864066450803212,-0.0001827986606119244,67,39,0,0.0831225556095114
mu,power_uv2,imagery-execution,232.65430857119287,220.1704168449189,106,12.483891726273962,1.5057134337826454,0.18750637370603002,0.027917552405165198,-0.4126984156787542,25.154689682802232,42,64,0,0.47459839088780836
mu,coh,imagery-execution,0.630882521998736,0.6388338405586517,106,-0.007951318559915566,-0.003334713072763784,-0.2076841354190874,0.15109179207589366,-0.01561993183320744,-0.0008920333669084782,63,43,0,1.0
mu,plv,imagery-execution,0.5615565367998335,0.5671794533259624,106,-0.005622916526128972,-0.0019020988922369142,-0.1891182405133041,0.1089929821316141,-0.011496238216604775,-7.812761160591261e-05,62,44,0,1.0
mu,pli,imagery-execution,0.24737014188973983,0.24808560863199225,106,-0.0007154667422524613,-0.0009477355757117473,-0.0605414289205731,0.7778713421755568,-0.0030558082138341025,0.0014312964463388336,55,51,0,1.0
mu,wpli,imagery-execution,0.3845984063532177,0.38444273027005504,106,0.00015567608316261597,0.00010849829219350404,0.00605369251898201,0.5545342902743167,-0.004840014533815492,0.004859933691807431,53,53,0,1.0
beta,rsec_d3,imagery-rest,0.013606876366816987,0.013196907054881654,106,0.000409969311935331,0.0004248421482308494,0.18635936252341284,0.029526875130299102,-1.134282535120109e-05,0.0008228451817457123,43,63,0,0.47459839088780836
beta,power_uv2,imagery-rest,226.5741363913631,195.23541962190495,106,31.338716769458205,2.899932572618596,0.2531096744953135,0.09702114594665544,9.548488029360582,56.73736165772519,49,57,0,1.0
beta,coh,imagery-rest,0.5774119444411824,0.5693822603686811,106,0.008029684072501314,0.010039679025771298,0.18367761113770073,0.030969184127008074,-0.0004048849678049876,0.01623493670665759,41,65,0,0.47459839088780836
beta,plv,imagery-rest,0.5153102132499493,0.5070588326817156,106,0.008251380568233572,0.008362708416587178,0.22894633939388082,0.008772468544493983,0.001375009734856322,0.015050099138940749,37,69,0,0.18422183943437365
beta,pli,imagery-rest,0.28100097226020104,0.2801243321136675,106,0.0008766401465335085,0.002166796066252627,0.05851247441137277,0.26384689973798303,-0.0020501789733720697,0.003682065567792003,46,60,0,1.0
beta,wpli,imagery-rest,0.42461270534964035,0.4184736152286315,106,0.006139090121008817,0.005020332131180694,0.24404813500761297,0.004066618520591294,0.001246034347334185,0.010928774449287379,35,71,0,0.09759884449419107
beta,rsec_d3,execution-rest,0.014317132432481922,0.013196907054881654,106,0.0011202253776002662,0.0008901909722222505,0.4588026989421048,6.953776002655678e-07,0.0006566500578167552,0.001579298431801673,32,74,0,3.2682747212481684e-05
beta,power_uv2,execution-rest,210.2356241537055,195.23541962190495,106,15.000204531800605,5.169877437831076,0.15035551592944899,0.3532875040657397,-3.0683997818982878,35.039987147124805,49,57,0,1.0
beta,coh,execution-rest,0.5838379172499472,0.5693822603686811,106,0.014455656881266004,0.015810265290631953,0.3163350562512568,0.0003019265405739417,0.005711365654037732,0.023248587539009897,33,73,0,0.010265502379514018
beta,plv,execution-rest,0.5207586565342774,0.5070588326817156,106,0.013699823852561804,0.016424678383287566,0.35112083325539717,9.476638218515206e-05,0.006292459382874725,0.021124727591225134,33,73,0,0.003316823376480322
beta,pli,execution-rest,0.284229782648483,0.2801243321136675,106,0.004105450534815458,0.003949898397362192,0.2327717742938552,0.0021073677896305963,0.0007412568357524183,0.007476234920562581,34,72,0,0.061113665899287295
beta,wpli,execution-rest,0.4304747291157921,0.4184736152286315,106,0.012001113887160561,0.010596656925027953,0.43261440524098543,3.5178734052742525e-06,0.006769978561946306,0.01731658310999571,28,78,0,0.00014775068302151862
beta,rsec_d3,imagery-execution,0.013606876366816987,0.014317132432481922,106,-0.000710256065664935,-0.0005630166997354505,-0.41912787412648533,1.5965740086320548e-06,-0.0010424996725537311,-0.00039513457066834456,75,31,0,7.184583038844247e-05
beta,power_uv2,imagery-execution,226.5741363913631,210.2356241537055,106,16.338512237657596,0.2204524877425933,0.2344758798976356,0.17481664962557508,4.545941098722676,30.904545352706265,49,57,0,1.0
beta,coh,imagery-execution,0.5774119444411824,0.5838379172499472,106,-0.006425972808764688,-0.007640012543545793,-0.2406814396130624,0.001283448525617191,-0.011433845475561836,-0.0011305628297282892,73,33,0,0.04017642785985765
beta,plv,imagery-execution,0.5153102132499493,0.5207586565342774,106,-0.005448443284328229,-0.0068666256464799125,-0.2583173961210314,0.001075149961872625,-0.009394420369147527,-0.0013073732304291256,67,39,0,0.03547994874179663
beta,pli,imagery-execution,0.28100097226020104,0.284229782648483,106,-0.003228810388281949,-0.003741133732075713,-0.30850996853315327,5.4371458003352154e-05,-0.005181935343068961,-0.001153199931493285,72,34,0,0.0020117439461240297
beta,wpli,imagery-execution,0.42461270534964035,0.4304747291157921,106,-0.005862023766151747,-0.0054903436006776,-0.3118448793932318,6.643181478675681e-05,-0.00937244965931517,-0.00211064407718107,72,34,0,0.002391545332323245
