subject,run,primary_cohort,file,sha256,sfreq,task_epochs,within_record,within_annotation,before_next_annotation,minimum_task_duration
1,3,True,S001/S001R03.edf,3427c8d01bff1380bc9ab9f27a35ece2af5dfadf3e291bbc05eb66e4dadbfe2e,160.0,15,15,15,15,4.1
1,4,True,S001/S001R04.edf,3d161f88e1c00632585287d2ce584c2bc0f08862438eb255ea8723e00fac693d,160.0,15,15,15,15,4.1
1,7,True,S001/S001R07.edf,6320a941815eb7a0bc632e32c07c88b6e2281a0e2f177e8f49e2d0a16231145c,160.0,15,15,15,15,4.1
1,8,True,S001/S001R08.edf,358fb5189220725141968ae285fbe9e3f36210b834ffba71d940af308e3aca68,160.0,15,15,15,15,4.1
1,11,True,S001/S001R11.edf,d5296b9232b0ad88b7022155cbcde618df44d4b0db046ce3bec54f8f8644207a,160.0,15,15,15,15,4.1
1,12,True,S001/S001R12.edf,2b281c9b687b4c4176e83251d74743721f2d6ebd76656a972a3b9c44d9d88cd5,160.0,15,15,15,15,4.1
2,3,True,S002/S002R03.edf,cbabe29620b19978454bc429f59976f6ee8f32f6392e4fcdf7e463981248072c,160.0,15,15,15,15,4.1
2,4,True,S002/S002R04.edf,fcd37831378c411d50c223d97ffbc00949be2271d093f1d8e56bbe7c02bd1539,160.0,15,15,15,15,4.1
2,7,True,S002/S002R07.edf,cdba64ad60574903248aed651d393c148df3c611eebdc9694717a04e2e2deef3,160.0,15,15,15,15,4.1
2,8,True,S002/S002R08.edf,02d64941f6bcd1635bc7dd187a9553331b73933e9771f4e7c59249dfc5632c5a,160.0,15,15,15,15,4.1
2,11,True,S002/S002R11.edf,694bd9fbee1305dbc212ea4eecb8930750f5e08f8cc8ea45e2b94c92ac5f5a7d,160.0,15,15,15,15,4.1
2,12,True,S002/S002R12.edf,a3d166b23375942a5ccf352924f7766f0ca9cfd1bac7951175e710d978f5239f,160.0,15,15,15,15,4.1
3,3,True,S003/S003R03.edf,ebf184ea51d9aa3178190583f428db02f184e22412ff300a5f224776d1e8dbb4,160.0,15,15,15,15,4.1
3,4,True,S003/S003R04.edf,7d0732eea963488a53153835524e55c2b68220b0a0c7c5be99e535a9f5367e7f,160.0,15,15,15,15,4.1
3,7,True,S003/S003R07.edf,d8a610bf60a19c1d653a11633f7df40bd7b3eca976bebf2b525eb65017fdf044,160.0,15,15,15,15,4.1
3,8,True,S003/S003R08.edf,0f50978bb972e693b8c758a9223a2d9fa35c7f117226391090bcc32a83ce765d,160.0,15,15,15,15,4.1
3,11,True,S003/S003R11.edf,0563c2a26f759d849d6b99b3efb6047d1e1d288f80c0c16f5f07403bd0029271,160.0,15,15,15,15,4.1
3,12,True,S003/S003R12.edf,bbf7137bfa7905724741e95359fa090439d4422c07bdba16c792acb09ebd6421,160.0,15,15,15,15,4.1
4,3,True,S004/S004R03.edf,b24e3ae9d302935be06c0905d1e925ad68a94b4a5b20dc659cbc63bb8481d503,160.0,15,15,15,15,4.1
4,4,True,S004/S004R04.edf,c9ddf0294961f0b877192a2479802b9c6c88403682a17b5ad679fd6485aa6f59,160.0,15,15,15,15,4.1
4,7,True,S004/S004R07.edf,eb00bf6a816a6ded6f93e0b96d2a1c2ae8f6d13a59e39d475bf94d57fb842643,160.0,15,15,15,15,4.1
4,8,True,S004/S004R08.edf,1ab5909b183413283a7ea76e35311a68a4688558f0044b9faab3987291cbdb92,160.0,15,15,15,15,4.1
4,11,True,S004/S004R11.edf,a8b96b32782329f12accdc222331545707be4cd497f97f158de4c06e87235f8c,160.0,15,15,15,15,4.1
4,12,True,S004/S004R12.edf,c44b7be0464d86be4d460ec66432869b7b3e8dcaa2067af02d6e772abf5c11de,160.0,15,15,15,15,4.1
5,3,True,S005/S005R03.edf,3bf2695b66661a274bb099dd093c8f2eb4ede8a7068ec4bfd0a1fe9f4bfc0e18,160.0,15,15,15,15,4.1
5,4,True,S005/S005R04.edf,956d0857b17b040955fee9b2384f818f85bfb02248c387d9aa7930c42934ca0c,160.0,15,15,15,15,4.1
5,7,True,S005/S005R07.edf,630fbaf27a7a962a4a8bd61396b6a1c4f56b44e85fa5e9400016ca19085ad1f9,160.0,15,15,15,15,4.1
5,8,True,S005/S005R08.edf,eeed6c328ee256dd2c20d1808e05819bed4ce56b8de1c57914ded00565b6b7bc,160.0,15,15,15,15,4.1
5,11,True,S005/S005R11.edf,a4d4111c206de3c094d23c9fbaf2b3fece74eff7a68a11073f29dad9800653d4,160.0,15,15,15,15,4.1
5,12,True,S005/S005R12.edf,dfaf07c8ecc583b07363485596258e66a75fb33169496c62918c6dd0803814ce,160.0,15,15,15,15,4.1
6,3,True,S006/S006R03.edf,1bedb6634f28af44942c14901aa82f420858bc367fd5830482b4e8cf7a28bbf1,160.0,15,15,15,15,4.1
6,4,True,S006/S006R04.edf,4bd532bb728e1f2ed2afc0a5c162830a07465b6a4a58e105d1316c6ff1921f3b,160.0,15,15,15,15,4.1
6,7,True,S006/S006R07.edf,56b8c705b9c1406546ce90bee6373172f43ec8bb5437aa9772dc2512405e6a17,160.0,15,15,15,15,4.1
6,8,True,S006/S006R08.edf,006e55ec16590f5f5b9230ac53a2f8fd0660960fa7b4b512ff61f8f7e2f8714e,160.0,15,15,15,15,4.1
6,11,True,S006/S006R11.edf,ce5ef60e07d2b1db8492739786eec2bcc6bb9e85b05fa0c9f2851e3a0f3e9907,160.0,15,15,15,15,4.1
6,12,True,S006/S006R12.edf,296b5cb14549098dc55ee047cc9ff63faccf480e432b94797ff73cc7209b7353,160.0,15,15,15,15,4.1
7,3,True,S007/S007R03.edf,af7f2fe4fc8ae5b727a2cee5e41a58ad0aca7907f0da83b67a754ea7e94ff3a9,160.0,15,15,15,15,4.1
7,4,True,S007/S007R04.edf,3b31e50c4a5ebbb25459b1ebdf802b7ca86010857637580aacd53067350553a6,160.0,15,15,15,15,4.1
7,7,True,S007/S007R07.edf,d801688adfc14ce87dd52f4308b0dbf72fffba30fc5d5b66a4c05a4f3b9310d6,160.0,15,15,15,15,4.1
7,8,True,S007/S007R08.edf,fa8cfc38727e908be4626cf82b19533f7a761f102319696e53e4ee2d61b1092b,160.0,15,15,15,15,4.1
7,11,True,S007/S007R11.edf,a2ec8339ddfd99168bfa0fdb6b94145fcf6e17abd9816f950d3182f888928b76,160.0,15,15,15,15,4.1
7,12,True,S007/S007R12.edf,70cd3287d6b4821661521954206f86dde9f5e62904edd76cc0cf1d03fe112df3,160.0,15,15,15,15,4.1
8,3,True,S008/S008R03.edf,ab3ea90d829e1e2e10bb6e551e828e66ac6262ec7bc24e2e17db6e1e350088fe,160.0,15,15,15,15,4.1
8,4,True,S008/S008R04.edf,034a26131e1425e6374a459e5887b1f831f7bfdb101a3658d2cd07620cf2c06b,160.0,15,15,15,15,4.1
8,7,True,S008/S008R07.edf,9e05bf83ad067538667ab853081165b854b3d13ee334c4185ee5f40aa6b76a7e,160.0,15,15,15,15,4.1
8,8,True,S008/S008R08.edf,534c25b65a4fa68afe29a5c0272a686ac474e638c86521b177660d888401f374,160.0,15,15,15,15,4.1
8,11,True,S008/S008R11.edf,ef072b260a1d92c45d5d43a2a38c2affc8db37bc2da3df2d0962c44cdc449131,160.0,15,15,15,15,4.1
8,12,True,S008/S008R12.edf,ddced4ba4dc801313554039823fa1826d0dd52648f87a5ee5ada8e9cdd0678c8,160.0,15,15,15,15,4.1
9,3,True,S009/S009R03.edf,f5718a37aa5ea43c8f52dd01326ce09568a71f52e1b2750e0e8e2145e88b6e4a,160.0,15,15,15,15,4.1
9,4,True,S009/S009R04.edf,705f53460954e465e7a6ef45bd1f64e675548c08e9238dfb1f448713f9e559f8,160.0,15,15,15,15,4.1
9,7,True,S009/S009R07.edf,9d737ae61e6b01feee5a8cd22c219cfa84e8c5f67210a04dd08ad08aa61d82ce,160.0,15,15,15,15,4.1
9,8,True,S009/S009R08.edf,a8121c688ffca3db1d3b1f61dd53d6636ac91763cd2269b39636c65dfc6e4fe2,160.0,15,15,15,15,4.1
9,11,True,S009/S009R11.edf,2e1eac06f72f940fe826ff9c6b963bc686c1c7357d2b860e351baa263684f66b,160.0,15,15,15,15,4.1
9,12,True,S009/S009R12.edf,0c3f9700d6bfd8a8dd797803d61b80852688709011e5863f4e13e9ec3948191f,160.0,15,15,15,15,4.1
10,3,True,S010/S010R03.edf,49016ed40a1c17164b7b56031d567ee96b00b0b3755fab072c1d78db9ccdab73,160.0,15,15,15,15,4.1
10,4,True,S010/S010R04.edf,8e68b22936cbcb7f84ed8ff037cb4a99f01064589d181c8056dbef06c1c7159b,160.0,15,15,15,15,4.1
10,7,True,S010/S010R07.edf,cf59750f6f9576e106875f257673940cbaf2b0d62e1d3b1a45260dbc46c1981b,160.0,15,15,15,15,4.1
10,8,True,S010/S010R08.edf,b468e77d0c8a73377b4510220c6be95bdefd572f6ed5c4b5f539c9dc0bdef485,160.0,15,15,15,15,4.1
10,11,True,S010/S010R11.edf,4e8a3c50558c9dce96ab060d4883d19fbfe5e859989d7c633bf9f88a6a65d467,160.0,15,15,15,15,4.1
10,12,True,S010/S010R12.edf,0983609a12e6fd9b3ae99fd6968938ec5a3b012948894602233a65b720ac3975,160.0,15,15,15,15,4.1
11,3,True,S011/S011R03.edf,369bc902a59bf9a9d480c2bad2a4b165b83716c7cba5760c2ce0e6500f120443,160.0,15,15,15,15,4.1
11,4,True,S011/S011R04.edf,072b75496dd935be460bc8ac9c3bf2d1fdcdb62f32ffb552955319abcb24cfe9,160.0,15,15,15,15,4.1
11,7,True,S011/S011R07.edf,ee5542027039bf28eb7fbb95826235f618e32c74b28857ad51df388256e8fda2,160.0,15,15,15,15,4.1
11,8,True,S011/S011R08.edf,70b05e696e9faff6566cabda58b9144e1cd8ca3b16e04178309b22ef7bb612b7,160.0,15,15,15,15,4.1
11,11,True,S011/S011R11.edf,4a6c375686a70b4d0d09c789f309d8e41b76bc660d4a20f2f136fedaac2ff1a4,160.0,15,15,15,15,4.1
11,12,True,S011/S011R12.edf,9034d085bc01c1c738d80a48fdc43059f88c13d587b5de1c59d4a85ecd194ccb,160.0,15,15,15,15,4.1
12,3,True,S012/S012R03.edf,d2af7bd93c37e741a77f8f0f611abe3b15baf1a3db65eced1bbd1011f3b193aa,160.0,15,15,15,15,4.1
12,4,True,S012/S012R04.edf,974d6c7558c8d8ee48449bf9a1f40cda596febb6365e69e8e65c2d952644017e,160.0,15,15,15,15,4.1
12,7,True,S012/S012R07.edf,47e446122ad05c46d8c0e605c84641ab8a93ba2b8647f0eeceb86ee26ee9d9ab,160.0,15,15,15,15,4.1
12,8,True,S012/S012R08.edf,5d7d13ad211f615a21db64c3a4dbc8ff4ef10dc3f777b8e6441d8942e8d40336,160.0,15,15,15,15,4.1
12,11,True,S012/S012R11.edf,fd7bda82802bb91b4e04848ce1a8a9a3e5bee822a811d0bedcf812ea4acd273e,160.0,15,15,15,15,4.1
12,12,True,S012/S012R12.edf,2b76c97a6cbc894a85a4f54385997b6aa07d3e9ec040ec1adf61a310b26f5caa,160.0,15,15,15,15,4.1
13,3,True,S013/S013R03.edf,b3ccfde504fe3bc9377495c2b70feabcc415a2facdbea1ab0d33e4644f7fde66,160.0,15,15,15,15,4.1
13,4,True,S013/S013R04.edf,796eb8df7d12b32e6ebbfb6756e527217c7b59a282735eb782dd50f5f16c39c8,160.0,15,15,15,15,4.1
13,7,True,S013/S013R07.edf,17a4e59d8c4fdd133f19b428ffe4927484814d1dbaad7df7e5623361fff769c5,160.0,15,15,15,15,4.1
13,8,True,S013/S013R08.edf,dac533ea38aaa6c7505565059a5a8e19825702e68f5d27f47edd11cff0035736,160.0,15,15,15,15,4.1
13,11,True,S013/S013R11.edf,261e6a4c8f81071cd6f1309ebd6deef79496601c6b77a8fe3bcc8c3b065626a4,160.0,15,15,15,15,4.1
13,12,True,S013/S013R12.edf,5a4d97f54f5769fb61a64854d46108b2554f1013f0e664810746911f69ea241d,160.0,15,15,15,15,4.1
14,3,True,S014/S014R03.edf,670c197481bd1761f1393c3f33e7c286f5966f483493cb6d2e05ff23de93c6a9,160.0,15,15,15,15,4.1
14,4,True,S014/S014R04.edf,7e443b4a4bb000506137ffd79eae9fd915a282f4c6c5aac71ad8b8612072227d,160.0,15,15,15,15,4.1
14,7,True,S014/S014R07.edf,4fc8a7f723e8577d5f0a851ee416ccdd7511aed74ae3da6bcc4bd19a2dda0d1c,160.0,15,15,15,15,4.1
14,8,True,S014/S014R08.edf,a63bc896da7b0fa302c3c3b0ad53a4c54f1a35fd1f66bebb2cedc81cbabc9320,160.0,15,15,15,15,4.1
14,11,True,S014/S014R11.edf,d1d6a99dc4439690c820469616b6bc71d80be65340615246741c0d67efde59c4,160.0,15,15,15,15,4.1
14,12,True,S014/S014R12.edf,e6ef184a364734f2cc0fce314c93ffa545660a89567475f56ddd979a2d0fbc39,160.0,15,15,15,15,4.1
15,3,True,S015/S015R03.edf,9de915e373fc372b372cbe9c59692c7c961dc9d2ff12cbffcdc99190a1bac99d,160.0,15,15,15,15,4.1
15,4,True,S015/S015R04.edf,1721d4a066e0c28221877d0f9e7da2402bdd924a532f5f19261c429def061273,160.0,15,15,15,15,4.1
15,7,True,S015/S015R07.edf,914f9c987bf66fdbc3183531bbc5ca97ba8afaabd8864811c438d8ddb38dfc3a,160.0,15,15,15,15,4.1
15,8,True,S015/S015R08.edf,70e4dcfa5bb501007b4a502fb1ac6975128fb316de67eb825f8eee00cba9377f,160.0,15,15,15,15,4.1
15,11,True,S015/S015R11.edf,5403967a07422bcce09d1d96dd78d0eef6f29344d8e0d388975b483b93d47341,160.0,15,15,15,15,4.1
15,12,True,S015/S015R12.edf,a5e56adba75340447849c46eb049b39799ee98d68133357741c6980f8f60c54a,160.0,15,15,15,15,4.1
16,3,True,S016/S016R03.edf,976bcc77f002affd1833ecf5adbe73eca86d1d1b9e2ccaa0d8712095498cea4a,160.0,15,15,15,15,4.1
16,4,True,S016/S016R04.edf,501fdb3cc2fb504d2948e7ce665c81e828612cf1af80a0b964b34a13803a4d6b,160.0,15,15,15,15,4.1
16,7,True,S016/S016R07.edf,4fcbf7f4b5bae4290078934484ba3bfb2052b3cde700c9e2d0c1fb0654368f55,160.0,15,15,15,15,4.1
16,8,True,S016/S016R08.edf,c7d59291f3d037e25c672da1bf0c202f63b7913a0f72401cb73f27deddb5ac24,160.0,15,15,15,15,4.1
16,11,True,S016/S016R11.edf,067acc3474bca1ec4e4e59bf5c0e4d8402a9067fe4f1231d5e50808b64b8781f,160.0,15,15,15,15,4.1
16,12,True,S016/S016R12.edf,f4e5942da16ca0992db7884a42d0b2a16bad648fc4bbd483f2954a93ca48a931,160.0,15,15,15,15,4.1
17,3,True,S017/S017R03.edf,19911c4a9a693eaed4addcee0ffd78589dc3fe35724079081079ad29e56c911b,160.0,15,15,15,15,4.1
17,4,True,S017/S017R04.edf,9d13376473bae5b868c07fefde7d4ec465573b393a4831b0142a26812e5b6bf7,160.0,15,15,15,15,4.1
17,7,True,S017/S017R07.edf,850cbc48702c9a180b6fc2408762554fb21d1ad9a6e57fcc33963055de46b517,160.0,15,15,15,15,4.1
17,8,True,S017/S017R08.edf,902e30ad95dd3786fa3d3e0532743edf049850536cf773974fb9fbe3f4475da5,160.0,15,15,15,15,4.1
17,11,True,S017/S017R11.edf,864a47610ad9fe92a8dfe0b667ef81aff31f65ce988f608642572c4a7d7ee859,160.0,15,15,15,15,4.1
17,12,True,S017/S017R12.edf,ffb8ee6f01d5b12337052ee1eb9e1caccade52937b6999d34925e90634d5b82e,160.0,15,15,15,15,4.1
18,3,True,S018/S018R03.edf,6538d4a1fe7df53296897dc6efb2274e78429346086c6383db9c58af16c46251,160.0,15,15,15,15,4.1
18,4,True,S018/S018R04.edf,0b726bfd4ce56c9fa7417f84f52759c40eb7cd326f06a25374034c199f5fd8bf,160.0,15,15,15,15,4.1
18,7,True,S018/S018R07.edf,1bfa4c8da5c4f30a71797cb27f2c77cc02c66133d3cb83430918cb2950e3d7d1,160.0,15,15,15,15,4.1
18,8,True,S018/S018R08.edf,b417c65a63c4b70f7eedc81ad11f8b5c067be5143d343a250d9397050ec5e27e,160.0,15,15,15,15,4.1
18,11,True,S018/S018R11.edf,a08b1554878eedfad123f7a86e034acd22cd9052992e5967b693e13c94e14fff,160.0,15,15,15,15,4.1
18,12,True,S018/S018R12.edf,50b4e74957541c9f1f2161ec3665b58b247727b50ed9284f1d173b9b77d1feef,160.0,15,15,15,15,4.1
19,3,True,S019/S019R03.edf,27c074fa068c8e6c8b38479d83f99ae810ca06f2d60ed76339f30c3da111f385,160.0,15,15,15,15,4.1
19,4,True,S019/S019R04.edf,97eda5477ba1fa369a3718b332a0d5ce6a71e37b5153d6472d65b430103a3d06,160.0,15,15,15,15,4.1
19,7,True,S019/S019R07.edf,0a97151bc1c64abd2d943c3de22f64d769cdef62ebc5ba93a502b50f82a26f2f,160.0,15,15,15,15,4.1
19,8,True,S019/S019R08.edf,ae16abeb147d185bf9bd6e1ceff37d95f73fa2b3d03561225a35447d72cc8020,160.0,15,15,15,15,4.1
19,11,True,S019/S019R11.edf,0bbc66e7c1fbf22e6e8f43aadc075508d94ad0567809f0257d7b65d2b7c9ac8f,160.0,15,15,15,15,4.1
19,12,True,S019/S019R12.edf,a3c4942a316f2cc431aaa358288b3c8f55fffa7b832ebca26705f68f007983ea,160.0,15,15,15,15,4.1
20,3,True,S020/S020R03.edf,4660edd9962577ceac6e35db1a5c0756fbdfa954a77f479dc8aa3e3b3819f453,160.0,15,15,15,15,4.1
20,4,True,S020/S020R04.edf,3ff2fd30d246987573897d429b8a6c51cca3f1ea4cfcf8815c49e1f6f6512013,160.0,15,15,15,15,4.1
20,7,True,S020/S020R07.edf,7e1038d12397731e36039b6ba26504383d9f700d4b2e0252421d072d41cb3ce3,160.0,15,15,15,15,4.1
20,8,True,S020/S020R08.edf,05314b692cd4c103071ed616e36f7dec96116f2b5251e0912a35d65782ae9205,160.0,15,15,15,15,4.1
20,11,True,S020/S020R11.edf,80014e2cfda81a19647e9f2a16f66082693a591b78a57aee5d220b3ef2a0241f,160.0,15,15,15,15,4.1
20,12,True,S020/S020R12.edf,63ef2b1452fe4a93a84c501f10fc35a234d87eece20f0b563b373229b9b8ae7d,160.0,15,15,15,15,4.1
21,3,True,S021/S021R03.edf,3404a07e58a4054c33bb554133d7988bc19fa5f2dff5ed74e1669862c44869a4,160.0,15,15,15,15,4.1
21,4,True,S021/S021R04.edf,9481518d6a0b086d782ba17e78fe12575500ce3c7f25071f29adc5eae093c863,160.0,15,15,15,15,4.1
21,7,True,S021/S021R07.edf,26e5c7f56d59c4e0188f7479c8af38ee973d789f26d38b80a8e421d62b542a4d,160.0,15,15,15,15,4.1
21,8,True,S021/S021R08.edf,8abd01e9b2a9c563469beac4d632727d9b341438b93aea76258ea180de2ac6e5,160.0,15,15,15,15,4.1
21,11,True,S021/S021R11.edf,7b4fc08ae9e199aef5e077ae14a912c790a6d2a0fbf8565aa2c80690800aa911,160.0,15,15,15,15,4.1
21,12,True,S021/S021R12.edf,326023193bc901b74d1fcd5e7a88f064643a41842fef121fa031d9f628cbf3ea,160.0,15,15,15,15,4.1
22,3,True,S022/S022R03.edf,2c7f904749e97f1acf45a98079c515ff40f15234d0463917d5f99dfd4763797e,160.0,15,15,15,15,4.1
22,4,True,S022/S022R04.edf,d2f48578f30b4edea2e138e74854a09e36887f8833a3e0f48cb2346ead82b201,160.0,15,15,15,15,4.1
22,7,True,S022/S022R07.edf,b2b28d8b0db957a13721997f5a4ccb6ebcc7bf770c7acf0fa710a08f13f1421f,160.0,15,15,15,15,4.1
22,8,True,S022/S022R08.edf,8f890909113d536152b987caff0d70c73468b0332dca478783e665598697367a,160.0,15,15,15,15,4.1
22,11,True,S022/S022R11.edf,514f1cc57f2a93c418ed81fd3ecbb3a1cc4e4c9a3360587dcd2badb019b443b0,160.0,15,15,15,15,4.1
22,12,True,S022/S022R12.edf,46f0835897374fdc2dbc634bc4c16a61cd03a4ca25506cf923b922629b07674d,160.0,15,15,15,15,4.1
23,3,True,S023/S023R03.edf,a2f2a6ed190a2381db55e49223fda8526bd0a603bc339f862046604352cceefb,160.0,15,15,15,15,4.1
23,4,True,S023/S023R04.edf,16ebfe43b2510115dbf1b15a00a429cfbd6b3a1443c2bed08e6755282e06f3c2,160.0,15,15,15,15,4.1
23,7,True,S023/S023R07.edf,10d59b860cead78e224b2f6633a9cf54a5b735804157f5c8f820e7c560e05f42,160.0,15,15,15,15,4.1
23,8,True,S023/S023R08.edf,70f7e8d4af5500e2114eea7db8c50d7c4b822fbd7c92c8907018e3aa094f4ffc,160.0,15,15,15,15,4.1
23,11,True,S023/S023R11.edf,e5be72fc22fb3420b4a4936c87ec9c003fe377c6c5f7bd6fa39242496a0ba2d7,160.0,15,15,15,15,4.1
23,12,True,S023/S023R12.edf,366faf95b5e6142e8c6cd9b55da2005533b199983ef0599d73d1535179e7ca5b,160.0,15,15,15,15,4.1
24,3,True,S024/S024R03.edf,add2fbc9ed9bac885c6c192f7dc4cbfee1872da48da7423e2b06955bb200e0da,160.0,15,15,15,15,4.1
24,4,True,S024/S024R04.edf,fe32b65b90079a307b05c42602aa66b3c79e09726ce9457e1d95242b102c6ba1,160.0,15,15,15,15,4.1
24,7,True,S024/S024R07.edf,cbf04619f8a980286067dd7fb943a3c5f1bce9928e27fdf3910ac1715d50f420,160.0,15,15,15,15,4.1
24,8,True,S024/S024R08.edf,863899a80ad93a9ed8871be3bb775f8e74bf777dbf7a2c3da50e1433ceb3b50c,160.0,15,15,15,15,4.1
24,11,True,S024/S024R11.edf,9ff78f7743d2b47590d5ae93f97d1afc5d266d41d086f6706cdc87ec32de31d4,160.0,15,15,15,15,4.1
24,12,True,S024/S024R12.edf,f6287534159e552ed194cd1e3d44719e5ac162691779fd1a6fa3ae535cc036df,160.0,15,15,15,15,4.1
25,3,True,S025/S025R03.edf,19a6350b61d317385b80ffd2b7d7f4a23fa889a9b8a3c978db630f004a88fa3f,160.0,15,15,15,15,4.1
25,4,True,S025/S025R04.edf,25ee02ebfe5c2b2a652a295835d7a4da653c5e6b390084b7c78a4daa64336381,160.0,15,15,15,15,4.1
25,7,True,S025/S025R07.edf,feaf0611e4671d07daff067c688af3c74e81b4b5e903529b786bc2240f8079ab,160.0,15,15,15,15,4.1
25,8,True,S025/S025R08.edf,eca94875e6b247b85ee541ccca3118d259132e96212fcd059ccc943f48c2dd56,160.0,15,15,15,15,4.1
25,11,True,S025/S025R11.edf,e2b2694aa6f7a47dd5a774c7463eb232af25987580d11e729d23037320272e64,160.0,15,15,15,15,4.1
25,12,True,S025/S025R12.edf,94a0c6cb21c67381221fdf364c8eadd17ce3b70021c579d0721c22d04c6d2523,160.0,15,15,15,15,4.1
26,3,True,S026/S026R03.edf,5ef33f46f67a415ce54210af6ccd112f00a517cba357489f4cb66da7d2e9265f,160.0,15,15,15,15,4.1
26,4,True,S026/S026R04.edf,1e6bb923f94a3b28354244ea4302d213e1656bb309fe3b3ab069e9dc0b2d62ea,160.0,15,15,15,15,4.1
26,7,True,S026/S026R07.edf,aa551f530d6949a53ddfd0a4ce0371d2ca8db7c97e11309c45fae79a1600824c,160.0,15,15,15,15,4.1
26,8,True,S026/S026R08.edf,2c035db71fdf3615a23be361328ff9e9017feb97c097b49a4f6c8aff2c36f1d8,160.0,15,15,15,15,4.1
26,11,True,S026/S026R11.edf,39666f75b931ce689e7b76bc9286eec8258cb4bd745f7208b16de318237f9382,160.0,15,15,15,15,4.1
26,12,True,S026/S026R12.edf,681a772c11bbdd917acbf081308f8854c972afb4bf8a05d50fdef1b1c86feff2,160.0,15,15,15,15,4.1
27,3,True,S027/S027R03.edf,59493f105a7531b67e6cc52c1ace3c2fc248800077015c4dcb417b7c6ca6f3fb,160.0,15,15,15,15,4.1
27,4,True,S027/S027R04.edf,4089acd89834f5aae1ea194c2d42b469b3dff95700554dbb4f0da68e91d94d48,160.0,15,15,15,15,4.1
27,7,True,S027/S027R07.edf,ed97a6b4e01e5d5590da6bda8ab79197ed47a998932d391c2c950518aa8c17b7,160.0,15,15,15,15,4.1
27,8,True,S027/S027R08.edf,bb50d3febb694639ff3d90cedae79d6f9531f4d6824919ebcc843254acc8cd96,160.0,15,15,15,15,4.1
27,11,True,S027/S027R11.edf,9f361a90bac8599e7ff0132bd7524b6e12472d6bbd858ec2b75c70b6c4c70bc9,160.0,15,15,15,15,4.1
27,12,True,S027/S027R12.edf,d782cd20eb82862f4bb6f74f4fbd507ff2610480f581ccbc6ab885a60be94ac6,160.0,15,15,15,15,4.1
28,3,True,S028/S028R03.edf,2137c12dbba064b5181dc83d7d385047ba7f33874679be51bc17bef2a566bdd6,160.0,15,15,15,15,4.1
28,4,True,S028/S028R04.edf,deee0e2e89467831f8d6d6ad4b142bbe5ffcf79a1e4dc993e1a52b5face5604a,160.0,15,15,15,15,4.1
28,7,True,S028/S028R07.edf,c4059eefa097feea4b52bdf3aaa2684b2011c6f207668836ae461cf3ad4ef2d3,160.0,15,15,15,15,4.1
28,8,True,S028/S028R08.edf,f4faed4d95f419e54b95e5232155fa77af1a1a0a739bdc12b3bdfc6edb5f0a79,160.0,15,15,15,15,4.1
28,11,True,S028/S028R11.edf,15e3a1a2c0f28b5856901f6ee4338cd65f98c3b3870b29ee7b5967d2fdc17e55,160.0,15,15,15,15,4.1
28,12,True,S028/S028R12.edf,ce460f08c9ece9756e66c7e413e565d106676c865bd9a4fe6aa19097ff693bf7,160.0,15,15,15,15,4.1
29,3,True,S029/S029R03.edf,8e65ac9c88f3dc61adafbdc6809c1bcb9a46bc9ec911239fc8fd7726416e2b5b,160.0,15,15,15,15,4.1
29,4,True,S029/S029R04.edf,4674f7e44919af804dfd99a38004f6b9ae62b21eacd61ca389df55aa18a00f01,160.0,15,15,15,15,4.1
29,7,True,S029/S029R07.edf,b99f383631ea61de2fa1b36d28c490a72009bf5bb192294fc1ebaaea254b070c,160.0,15,15,15,15,4.1
29,8,True,S029/S029R08.edf,a77d299e99458745c7010d023698208f6b0d56cd5f2a74628688d08a600df781,160.0,15,15,15,15,4.1
29,11,True,S029/S029R11.edf,7c6f7cce142ba49222a0f4dc65f0094a7f1a0b8690ff043b834f043cc4286408,160.0,15,15,15,15,4.1
29,12,True,S029/S029R12.edf,9d01ce9be2230b87a47050e0fcdbbfde4ff10144b9466fd286b618e59a81473a,160.0,15,15,15,15,4.1
30,3,True,S030/S030R03.edf,d4ea66ddb38572d264851ffe4e1468e206593c2789e675ef29d18ef7c2767e5e,160.0,15,15,15,15,4.1
30,4,True,S030/S030R04.edf,41305848c93a818493e0bbfb965d01433bdce1b48e9ea1b355e88e08f5c20f20,160.0,15,15,15,15,4.1
30,7,True,S030/S030R07.edf,412ff959e0ac1b98565fc741205625bb31a7f19a446edb6d1e8070b2c7d2bed9,160.0,15,15,15,15,4.1
30,8,True,S030/S030R08.edf,6d4742bae0754084c96a1b14ff6430203b9d71b619fe9b33b420aa3d6fb83d28,160.0,15,15,15,15,4.1
30,11,True,S030/S030R11.edf,2c0ac5cf0e945d5c66c220d1cac70b376ed1808a723c107051a2c9f8fac1a793,160.0,15,15,15,15,4.1
30,12,True,S030/S030R12.edf,c1e5ffc5f0876254f77021f0a478bb374e1ef3c1388f8e90694e984aa085ac90,160.0,15,15,15,15,4.1
31,3,True,S031/S031R03.edf,f9d75722d2b3412a9b9da296dd28185d54f6b5471082f7952c2cfa51212f6845,160.0,15,15,15,15,4.1
31,4,True,S031/S031R04.edf,514a2b800313549f00e927f8f322eac9a381b715b8728b835f0986fa4f7d5096,160.0,15,15,15,15,4.1
31,7,True,S031/S031R07.edf,ec5602c9eca8e29c1aa51f225504e97189589a18848d1ad968320dcdbf834daf,160.0,15,15,15,15,4.1
31,8,True,S031/S031R08.edf,b4cc77950c0f364cceb1ab55559a40c3ffe7a5b2fd5146a8ffa0243a35897e6a,160.0,15,15,15,15,4.1
31,11,True,S031/S031R11.edf,77ae7fd0a38e2bd23eaab19f8c612d144cece3d581fc0ce6740b9eec4e8dfc49,160.0,15,15,15,15,4.1
31,12,True,S031/S031R12.edf,6bfe914504368ce54822eac53598d9d53b251b39b17e9a7090dd64619fcee982,160.0,15,15,15,15,4.1
32,3,True,S032/S032R03.edf,5cf58f6d8f7b5771cfaa660754a73759e71d7cb5eb4d207bfaaafa815c3e4729,160.0,15,15,15,15,4.1
32,4,True,S032/S032R04.edf,ae89d2c1dd10b26c8d382ddda0f6681723ab994168d0e94b4051c43d83bce694,160.0,15,15,15,15,4.1
32,7,True,S032/S032R07.edf,f32f55586744578a948a01b2c0ae7528f004c6c8085cbac88b7830ae9e5691b1,160.0,15,15,15,15,4.1
32,8,True,S032/S032R08.edf,d707e791b0439e6b0c2401af9bcb90085272a857fa138f2b0c7d9bb20cf638a6,160.0,15,15,15,15,4.1
32,11,True,S032/S032R11.edf,6e8c0532a32664a47a4147dee233d71f28bf0a033cd3343addc6b23df805ded6,160.0,15,15,15,15,4.1
32,12,True,S032/S032R12.edf,86ec0265944349a8e801a96924a33cbf8834197e312cca86a576bc4be4057844,160.0,15,15,15,15,4.1
33,3,True,S033/S033R03.edf,7b062b51f8af082de4aea5b514db3ec97db2dad908166f4781566218458443c4,160.0,15,15,15,15,4.1
33,4,True,S033/S033R04.edf,d4520b8cafbbf03ce8d2159bb727f0f6032c1e9533bbc275f1fa4ddcb9cf135d,160.0,15,15,15,15,4.1
33,7,True,S033/S033R07.edf,6aeeed7165812bdf3bc7380539f53f0b0712a74392a8f37f38c4747c96260db1,160.0,15,15,15,15,4.1
33,8,True,S033/S033R08.edf,0ee2a5a00463bbc650852de790943bc5af90547bc325bbc65be19e9b16eaf0a1,160.0,15,15,15,15,4.1
33,11,True,S033/S033R11.edf,e70abe84015480fac548205192edf6e472ba392086504118425bf80777b80984,160.0,15,15,15,15,4.1
33,12,True,S033/S033R12.edf,a2968d5f651e72700096a652c3dd2fd34f51e9c381bef25c329dad3a3e2b319f,160.0,15,15,15,15,4.1
34,3,True,S034/S034R03.edf,5605f6ea99761ffa6ef64072b3f74688b3483656fe60ec711abec72e90a4bad8,160.0,15,15,15,15,4.0
34,4,True,S034/S034R04.edf,16500fe53e24fd3683538d894bc85214a41801e172787e68fd7e1dc5a42bb56c,160.0,15,15,15,15,4.0
34,7,True,S034/S034R07.edf,d687daafc901f01b9536129779d8e53ebcbe1ce55820c0e4a433ec27ae2f04a2,160.0,15,15,15,15,4.0
34,8,True,S034/S034R08.edf,01d92913e2d1f2bd5eba5d16f1ce03a150f6dba999db83a442e4d6a754fd4c44,160.0,15,15,15,15,4.0
34,11,True,S034/S034R11.edf,104b08f5f2f728a5e88b75a4ba8037aa6daac2592bc5814580b76dbf1dbb32d5,160.0,15,15,15,15,4.0
34,12,True,S034/S034R12.edf,e7e7b75d6af726120e7482462e429a9faab0b1509eee0a73e064f972c4ed9779,160.0,15,15,15,15,4.0
35,3,True,S035/S035R03.edf,030e8222c98a22dac34b41a08b60208dd1b314ff3b805d0a7e102b455cd279fa,160.0,15,15,15,15,4.1
35,4,True,S035/S035R04.edf,a8f13980108a70cc3d410ab231588bf76928e51ef9234650be443ae9cb4bfab3,160.0,15,15,15,15,4.1
35,7,True,S035/S035R07.edf,d27bdac7d879d570fd9ba141bdb8cc1e9b94a1628b4a0f430e5e1964dbd90941,160.0,15,15,15,15,4.1
35,8,True,S035/S035R08.edf,ef619d2dc6be970660c2a7ecbff9d084633c3fb023627604283b9606ea7fb668,160.0,15,15,15,15,4.1
35,11,True,S035/S035R11.edf,1959e6d5a8130d0f13be346a63880029c949526ff68285713d790107389f00c2,160.0,15,15,15,15,4.1
35,12,True,S035/S035R12.edf,2358c7e90652d3c687fbcda65ae4ad4a0faca39dbd736c06ea1d8e20173671dd,160.0,15,15,15,15,4.1
36,3,True,S036/S036R03.edf,e9ec8c8a0fba4c7bf9de6db237bb6bd1ac4a3d5d6d273f9e37a0253ff4d431a7,160.0,15,15,15,15,4.1
36,4,True,S036/S036R04.edf,c4646d8128095e80fbebfd03dd6c77ebb3491fad49f9824c74f3e4861d9a9d04,160.0,15,15,15,15,4.1
36,7,True,S036/S036R07.edf,1b978c2ef1ed07eb355b270c32d59e9170e16280d6247578ec806886da798d0f,160.0,15,15,15,15,4.1
36,8,True,S036/S036R08.edf,60ab89e8d0ecba687a40908643caaa4c7f4bf6ef92abb8d5c3c31201315eab2b,160.0,15,15,15,15,4.1
36,11,True,S036/S036R11.edf,3cb485b341bacf8ade8226b2d2bc25ae42ff3d5dddfe7b500c558f3d6febd6b4,160.0,15,15,15,15,4.1
36,12,True,S036/S036R12.edf,ce79efbd62a81e00a6b7e98bbb80e2d8c0c4bf5c23ab1c1a036884044d5978df,160.0,15,15,15,15,4.1
37,3,True,S037/S037R03.edf,b08e4b04625ff65ddacad42cdfc403952e391e976ca1451c6c485f6477f290ab,160.0,15,15,15,15,4.0
37,4,True,S037/S037R04.edf,058d115743bbd3a114a21aa839415312b7210f4aabba8260ec7b9b471430c17a,160.0,15,15,15,15,4.0
37,7,True,S037/S037R07.edf,483eff50a97ecc856ad5e5cecf01a630d3e11dd64b454ef61a091d30accf133d,160.0,15,15,15,15,4.0
37,8,True,S037/S037R08.edf,7b21a0f65631f91e46812aac3a2c3d46b9da9e847b2d0289f618419827973e4d,160.0,15,15,15,15,4.0
37,11,True,S037/S037R11.edf,8bb1b09e6bba588a17be875f46d33e86a9fcf37dbeebcca51910d636de6b5df8,160.0,15,15,15,15,4.0
37,12,True,S037/S037R12.edf,ca053b2a09045e39cd0ecf2d7f50e4c067a515becfaaa7ade1f4dd4a06f91b6a,160.0,15,15,15,15,4.0
38,3,True,S038/S038R03.edf,6d703baf9b57dec7da30d953deb26c24f93ce290240ca136d707ed5a273cd442,160.0,15,15,15,15,4.1
38,4,True,S038/S038R04.edf,45e64556375b00e2a2541ed5e14f96c79f4b86c18d54fcb1bafb2508c1ef06f2,160.0,15,15,15,15,4.1
38,7,True,S038/S038R07.edf,b6c989c93126b209c5e513e3c8cf32521a86b0ce8b89cc811a1a653c18ee86e7,160.0,15,15,15,15,4.1
38,8,True,S038/S038R08.edf,2f5146836f84423a5dc0a274f4d9da645bf7e485a5100d74cf98508bdac29b69,160.0,15,15,15,15,4.1
38,11,True,S038/S038R11.edf,315510579e7c607daa75969532808476c162076335ef7bd981aa7a02c62b894c,160.0,15,15,15,15,4.1
38,12,True,S038/S038R12.edf,edb6693591ebc3e273004339ec6d5eb7b11c60604828cca5e61e0d4df8eb22c1,160.0,15,15,15,15,4.1
39,3,True,S039/S039R03.edf,966a6c64ac3e79dcd455917fdb1b298b812bd8164b77089f560ab6fe0a93d941,160.0,15,15,15,15,4.1
39,4,True,S039/S039R04.edf,57302f5f9cd1714693e52b7785a839666da1560ee88b00779fe7f18f56899324,160.0,15,15,15,15,4.1
39,7,True,S039/S039R07.edf,c0c5867355e92bfcd0da79ac30584aa8a97558aaa9900af35f43f5acdbc82378,160.0,15,15,15,15,4.1
39,8,True,S039/S039R08.edf,4f5f011e61932f4f5998692bd6324c70b2286191dca137e340afbd4f9b7b93ae,160.0,15,15,15,15,4.1
39,11,True,S039/S039R11.edf,46dc22efd58d1179f521a3827b62d5ab4081fc333bb65025e940aeccf34e684a,160.0,15,15,15,15,4.1
39,12,True,S039/S039R12.edf,19078a959cce7c535e92c6fdc557dbd01c162549784a409af79929d9c4f20e16,160.0,15,15,15,15,4.1
40,3,True,S040/S040R03.edf,0ad4d13fe0bdf89731358eb2ef45bfd1e3d6ccb5704ec601a5b548a18395beb5,160.0,15,15,15,15,4.1
40,4,True,S040/S040R04.edf,7e57eaba05275c3238d5fc60b1e696ffab146d578449abe50113f8b0dc388c12,160.0,15,15,15,15,4.1
40,7,True,S040/S040R07.edf,a9dbe8be9c65ff1bfea01eb7a87c68a8fcc59b0bf3a5e78d8b3361687c0ff0d0,160.0,15,15,15,15,4.1
40,8,True,S040/S040R08.edf,941d55ce92107bf7cab012df55566d5dedb0f7b0f13a408dd0a4feeae2d16da8,160.0,15,15,15,15,4.1
40,11,True,S040/S040R11.edf,693e9ccc55339199be31a7bc2099a26509855447ba1dd94cc8a32760ae9d67bf,160.0,15,15,15,15,4.1
40,12,True,S040/S040R12.edf,4039c3d1a84f9cf689592549332130bfcd37e6739d8e978046f1427af22b10d5,160.0,15,15,15,15,4.1
41,3,True,S041/S041R03.edf,568218fd5956a8c3c8e7cdac30a1e8ea0bd5371fa7ebb96dc9b17a120ad566a8,160.0,15,15,15,15,4.0
41,4,True,S041/S041R04.edf,d814dd4d8d3d1e3853051e48cd3ac5e4761c3ed33a509d3c06ec946b9394c534,160.0,15,15,15,15,4.0
41,7,True,S041/S041R07.edf,980f0e64820ab06e8c913511d92c799b2ae1abe1e48bacf9b9f29b12fd2c93b6,160.0,15,15,15,15,4.0
41,8,True,S041/S041R08.edf,daba914c30b37217f9ed61f4f79157f9e23372ed083260c47edcbda4359c97f1,160.0,15,15,15,15,4.0
41,11,True,S041/S041R11.edf,29dadfc9c0a7046ad6fca3ff3123a8de9825e6ea46407d0ea0397f0f1243371b,160.0,15,15,15,15,4.0
41,12,True,S041/S041R12.edf,99f13ffe9ca9d9a3d680360b91555e73f190d91948c80ab8415b901b42350bc0,160.0,15,15,15,15,4.0
42,3,True,S042/S042R03.edf,27158284aabae182fcc060a945e8070bf0e9a40bbe737f43a1c4baba5988d34c,160.0,15,15,15,15,4.1
42,4,True,S042/S042R04.edf,278f745b79a507e87c4a4fe97542416b7723ee66e6960a459d43995486cf60bf,160.0,15,15,15,15,4.1
42,7,True,S042/S042R07.edf,bacd80ce7c09dd4442384e04babdb34259e79f708c2b093a613b4478f305c2e9,160.0,15,15,15,15,4.1
42,8,True,S042/S042R08.edf,b277ee780d7ed612958ca36ea7db2be9797001d5afcaf1dc20cf554dd774d18f,160.0,15,15,15,15,4.1
42,11,True,S042/S042R11.edf,b9eb76af792f6ea5992359b14ad57ece1d5ac3b3d233cc46ebfc6afd07bfd697,160.0,15,15,15,15,4.1
42,12,True,S042/S042R12.edf,e327ec08604c1a835bd0082c79c2b4f44ec22c1e0b39d12ca7be6c80d1acc8d9,160.0,15,15,15,15,4.1
43,3,True,S043/S043R03.edf,3bb31e415a5cc1b889c80b16473bd18ee5fb6cc8b03cbc2e57255a55e5564047,160.0,15,15,15,15,4.1
43,4,True,S043/S043R04.edf,e841bfd7c22f200ed1999fd56466b9c13b05c5bfaf0c1ee30a2685827a137b85,160.0,15,15,15,15,4.1
43,7,True,S043/S043R07.edf,e554299d7a61ac63e3c193c9cf968b0c921b20f644673417c767ade5f254e391,160.0,15,15,15,15,4.1
43,8,True,S043/S043R08.edf,9359ced76df3828782fe5ab696efdef57b54e87be5363f2f3f07f8d4b3ac0adb,160.0,15,15,15,15,4.1
43,11,True,S043/S043R11.edf,6a70abdb1e96f21d02777643cd36113b950e99ffcd114ea4fbba8889f1114285,160.0,15,15,15,15,4.1
43,12,True,S043/S043R12.edf,514e5dd961671fbc4e1e23f852ac6e82320be1ef8b65383602c368f6de946909,160.0,15,15,15,15,4.1
44,3,True,S044/S044R03.edf,df43d9106188f5a38d0f518a5809dc454d5c6d66dcc6b3bfa3edc42041edced8,160.0,15,15,15,15,4.1
44,4,True,S044/S044R04.edf,5da0315dd8b4e33769cbaf69b91e88845cd460f406fc0c72b793bc1f6b2229d2,160.0,15,15,15,15,4.1
44,7,True,S044/S044R07.edf,5d0b03dbf8b1973dcd0a77ee284ecc4cf6fa13d7113ec6b3d0f7c1cf6090ca03,160.0,15,15,15,15,4.1
44,8,True,S044/S044R08.edf,5f85b54550e4f648712fbd56a6edda9df6d93f0169b057dcd79ffc0a20224988,160.0,15,15,15,15,4.1
44,11,True,S044/S044R11.edf,9c104974be9015b57253abae61eb0c3e391314cfae8fbc94bae03c1ce0cac4b6,160.0,15,15,15,15,4.1
44,12,True,S044/S044R12.edf,84d09ee270206ab1f93595cb00d28b51af2cee24f4dc44c23a38464db833d463,160.0,15,15,15,15,4.1
45,3,True,S045/S045R03.edf,14e948d21adce6478e71ef21dd9dea8bc3f1555518cf8927b2c33ac6feef4a13,160.0,15,15,15,15,4.1
45,4,True,S045/S045R04.edf,655d2602c087d8f9efa32722bb32aceed76cab3c72570516df12e41458a25482,160.0,15,15,15,15,4.1
45,7,True,S045/S045R07.edf,c37669371b627ee9f63de41f8f276867f8defeff59489873eab0217a852ddf85,160.0,15,15,15,15,4.1
45,8,True,S045/S045R08.edf,8e3ac9f836029bfdca587290743f5b7a190f2470f55fcdccbecf9eb7bb3aa40a,160.0,15,15,15,15,4.1
45,11,True,S045/S045R11.edf,1517b91e4166540a416bd233b4ed77be080f740de5c25df6c52f60d61916b68e,160.0,15,15,15,15,4.1
45,12,True,S045/S045R12.edf,171f3487729fbbea555c923c74b8ce1e0f408aab10205cc95d2f498ba3220b2b,160.0,15,15,15,15,4.1
46,3,True,S046/S046R03.edf,23321c49c441693d32b7b85b5e77840dc94a90f2cd66c7df24d5d3e6fd01345b,160.0,15,15,15,15,4.1
46,4,True,S046/S046R04.edf,ed0b219b3b7f3a340b504a801044b8a6c9c33095a59a3dfab535c6a06abd0670,160.0,15,15,15,15,4.1
46,7,True,S046/S046R07.edf,6e18290e6aa7e774e61d3d5f1903b3c59680b56a9afa3807d381d267fc8f8d9a,160.0,15,15,15,15,4.1
46,8,True,S046/S046R08.edf,30e3df4eb6380358330a30b9d9906286a110c46a5eae2a991e83ced4a2abe3b4,160.0,15,15,15,15,4.1
46,11,True,S046/S046R11.edf,fd4300ba279b330343ee16ed3e53e09b84123f9df78ddb15726c5dc77d747d42,160.0,15,15,15,15,4.1
46,12,True,S046/S046R12.edf,3238e8feb6b1faeb6130cc813b0c147eff986e9332cbffe7b0dd9c5a87975c1b,160.0,15,15,15,15,4.1
47,3,True,S047/S047R03.edf,9f43c92bd5cbbc1eaea5b1decf8e66b8629874ed3b81055551b7a59574dfe28e,160.0,15,15,15,15,4.1
47,4,True,S047/S047R04.edf,67a0ab9dbf9e0164fbe16036ec578b89056fdfe8efdb1eb4aa441502a23b5a5a,160.0,15,15,15,15,4.1
47,7,True,S047/S047R07.edf,19b9ec59b71b23bc0228076fd0250cc3f942a14c39bf8abf3ea756e3727b81d0,160.0,15,15,15,15,4.1
47,8,True,S047/S047R08.edf,4de761cc5ffcb89ae9a1d4e206a0397742e7a6e34e458bdf8e50883a3f7f6328,160.0,15,15,15,15,4.1
47,11,True,S047/S047R11.edf,15b68b4f9959a4239152f3e33f0e9f526cc8e8a5d20195f0910724c3f24170dc,160.0,15,15,15,15,4.1
47,12,True,S047/S047R12.edf,d457e75b37b82724af1b7024194e5c4858b31402b01f8b2691bc9d4bd6ea112c,160.0,15,15,15,15,4.1
48,3,True,S048/S048R03.edf,9c7ba6a229783276d59f9893fcf26a56d498bd4f231bbbdf1530315782b3775e,160.0,15,15,15,15,4.1
48,4,True,S048/S048R04.edf,0916751e1b738588b93540043b78ea96f033b83ed87141a7cde6351409020d1c,160.0,15,15,15,15,4.1
48,7,True,S048/S048R07.edf,4b01ca005dd50ba06f1efe2bea065d30bff04204f5af10f18539747f7025e93a,160.0,15,15,15,15,4.1
48,8,True,S048/S048R08.edf,5f519c4a10d3e18c4be0eb840be7be1022471594c46c451c3614712896feb669,160.0,15,15,15,15,4.1
48,11,True,S048/S048R11.edf,d369c128d89f0d8a8e151eb2e335ff858836fad04c432c51db041807992d9844,160.0,15,15,15,15,4.1
48,12,True,S048/S048R12.edf,9dbd643ce614d3b1c9e07190375fb04222e065c057d468f36b1141572e1490b2,160.0,15,15,15,15,4.1
49,3,True,S049/S049R03.edf,faff4a3b9f549956039d5fc56f6a3a69666a722767b52672d10057c3af3bd32c,160.0,15,15,15,15,4.1
49,4,True,S049/S049R04.edf,a481efa8e833cdc64e9f0a3a5c082ac1765462d4f134beb46a3439acb40323f8,160.0,15,15,15,15,4.1
49,7,True,S049/S049R07.edf,7a290ed431af3fc57e9e8dd41e383ec8a734fc59240eeced59872f32ca117723,160.0,15,15,15,15,4.1
49,8,True,S049/S049R08.edf,449bc4afe04a06d018e6a4385144253bdbea91334af3be4f59165883be2c46a5,160.0,15,15,15,15,4.1
49,11,True,S049/S049R11.edf,b90f50b60a229cc4426527b09711ce720932165fa23d427cee871f13e3b372bd,160.0,15,15,15,15,4.1
49,12,True,S049/S049R12.edf,37ac2679e0f9b35f879dd80255dad13f27fda1950a5182eddcee5cab8dc6e8ef,160.0,15,15,15,15,4.1
50,3,True,S050/S050R03.edf,114ffd39341cdf2375d4762190ee4d8b893c0468e02f4c8a413b183432fd44b5,160.0,15,15,15,15,4.1
50,4,True,S050/S050R04.edf,d2068d794befef727cb907835cf04cbc357e16ef90766ca22917dd4b4649df85,160.0,15,15,15,15,4.1
50,7,True,S050/S050R07.edf,0b0435ff445199521d9d11589e69bb0940f7c4878f6546dcb7d65d0dc52fdfea,160.0,15,15,15,15,4.1
50,8,True,S050/S050R08.edf,211a70a072988cc85fbab6e28b0e0550c18d22225dda82a9471a980447eafcf9,160.0,15,15,15,15,4.1
50,11,True,S050/S050R11.edf,16d0f476a75c5ce8c0dd1e99bbfc8ac1cd0ad72804b9dd76e6803ccc6b4f3b1c,160.0,15,15,15,15,4.1
50,12,True,S050/S050R12.edf,ae1fa0a96ddbcf2f2e55f1df26fb90c4bfe439bf0bacb89c03579c0308ea1180,160.0,15,15,15,15,4.1
51,3,True,S051/S051R03.edf,a7e916278599c36b9a3a58060b44a3dd0b56c12b546a86918fdcd6711f4201e1,160.0,15,15,15,15,4.0
51,4,True,S051/S051R04.edf,f1560c8e23d36805035cbd36496630af7fe2a16d7676b91df7ec8f2d039b2cd8,160.0,15,15,15,15,4.0
51,7,True,S051/S051R07.edf,cd6fbae8dee9aefa9fbbb8fa30cc10d532bd7dcfc021e466759a42e08416a71a,160.0,15,15,15,15,4.0
51,8,True,S051/S051R08.edf,548006fe57af6638963b64e36efff127e1581c9f27ac932c7d4f318fcd0008ee,160.0,15,15,15,15,4.0
51,11,True,S051/S051R11.edf,783e75586ce3cf5c00121b3b419215cb20dddd9c8394c22fc02a82becd411b1b,160.0,15,15,15,15,4.0
51,12,True,S051/S051R12.edf,a89b20cfa7435430bd00d59a884e1c9afbd5190636c63ad9d65de5917922d986,160.0,15,15,15,15,4.0
52,3,True,S052/S052R03.edf,a81f9ff3a2af1126e4a1c65491ad03805e04c6895f74bb7c4edcbb630f144eaa,160.0,15,15,15,15,4.1
52,4,True,S052/S052R04.edf,a519ee3e292f1d8317b69f8bf39e3c6ace26dd5084baf5824f8954b42fc2c8c4,160.0,15,15,15,15,4.1
52,7,True,S052/S052R07.edf,04cf399950b747941a2f78f7de5fbe7bc38c57064fa1b70603ac3879c44a4ad6,160.0,15,15,15,15,4.1
52,8,True,S052/S052R08.edf,b9583eccd78acef6f7bbb65318f6b1d3fec1ca88ab6e470cd5f97722635379e8,160.0,15,15,15,15,4.1
52,11,True,S052/S052R11.edf,f9b1baab5e1efe90df754dbc91f79d6dfcc145947ea1518272caa713f9da2f25,160.0,15,15,15,15,4.1
52,12,True,S052/S052R12.edf,bd07d4c56f8d31a0fef2a31926a98c11104d21e9b127f84b02743cacc9e6eb40,160.0,15,15,15,15,4.1
53,3,True,S053/S053R03.edf,8e74f83632eea295b71f82004abb466635b0cdb33d7ad393c130866995924544,160.0,15,15,15,15,4.1
53,4,True,S053/S053R04.edf,90703ee0a3f4880dfb4bac085c883ce4b0349e7de9d9d4485fae4fb0f2a8d78a,160.0,15,15,15,15,4.1
53,7,True,S053/S053R07.edf,a3f42b2a8cb0cf59ccf421f5ca2d2a11992085eefa971cd28bc1ab0efb6f734b,160.0,15,15,15,15,4.1
53,8,True,S053/S053R08.edf,21c33cc1ab60d7d392b99f1a00df4d4d8024db6f46d0e3f55f53e6321eaeefb0,160.0,15,15,15,15,4.1
53,11,True,S053/S053R11.edf,c666e7a5af9453a6d7eb9526304229111cb1dbd9ffbf9f4e8514a60a78bbbe95,160.0,15,15,15,15,4.1
53,12,True,S053/S053R12.edf,d151fcac368e31dbe81495377f734a1c2ed898587696503253e197324c884ed0,160.0,15,15,15,15,4.1
54,3,True,S054/S054R03.edf,342edbf15c5e37d6b788767bff954a2c0c8b4fcde334d733ba67cbe2dfdf3077,160.0,15,15,15,15,4.1
54,4,True,S054/S054R04.edf,c2caf79d559efa0dbade6c67290c2840a75d9b9266b242286aab64ea048facfc,160.0,15,15,15,15,4.1
54,7,True,S054/S054R07.edf,38ab1a1b03ec75552208467a02ad50c8b29be99e587b31b1f0b21281683861c1,160.0,15,15,15,15,4.1
54,8,True,S054/S054R08.edf,8fccdcfa00d100148b350b772557a39b8252ceec048da5e0da93e1273cdc8c88,160.0,15,15,15,15,4.1
54,11,True,S054/S054R11.edf,0801cbd50fb6bf1a9afee61b5b424a1f0025025f6fd3d8e580c2b5a76bb641f1,160.0,15,15,15,15,4.1
54,12,True,S054/S054R12.edf,2e1807664cfff1512a8a9ef5ff105e3a19a6c7ebf30dcc6a321244a46f943cf8,160.0,15,15,15,15,4.1
55,3,True,S055/S055R03.edf,5a700147e53e7659c57d78b15dc2590378d5549edc35631fd7302c7847c5569c,160.0,15,15,15,15,4.1
55,4,True,S055/S055R04.edf,5626401f88b26ca66d9621f300a98c0fd80bba41438380dddba05111c8721d36,160.0,15,15,15,15,4.1
55,7,True,S055/S055R07.edf,fb8ba11d022fb1e8b8df561e6eaa84f745cb51c14872e6fbdc4361c4cc14aa01,160.0,15,15,15,15,4.1
55,8,True,S055/S055R08.edf,808e0060198a3c0189860aa2b92b768f1764c4441eee72af3a01d6014dd81176,160.0,15,15,15,15,4.1
55,11,True,S055/S055R11.edf,7715df0df55699795e90e5de10cfb1e1b1d60ae7351b81672ebac9fb566ad33b,160.0,15,15,15,15,4.1
55,12,True,S055/S055R12.edf,2e9307c91262be0c77efaebd886f75b7e3c11729a9688cada4b5767e7f7490a1,160.0,15,15,15,15,4.1
56,3,True,S056/S056R03.edf,5714d4361308d21f12c5fd37fda0f2513fc0a2d4a1ef7520b5f20ee302847705,160.0,15,15,15,15,4.1
56,4,True,S056/S056R04.edf,a618b25fc7570d8fe836949761a53e9a9a61cad59e99ac53e09bccca78155c14,160.0,15,15,15,15,4.1
56,7,True,S056/S056R07.edf,f404688039c70c11a61caeceff3c9e02c214d83d3a404a78947c1dbdc0e4d41b,160.0,15,15,15,15,4.1
56,8,True,S056/S056R08.edf,0fa0554aafcc78c38f2e7d65f5941c528d26741194a1eeea8801225c44799db8,160.0,15,15,15,15,4.1
56,11,True,S056/S056R11.edf,d68892e7f775eee5630a37cef9b0357671546f0d05272cb2b5c272cf1c533765,160.0,15,15,15,15,4.1
56,12,True,S056/S056R12.edf,c47457c3baec40f4b7205cd1fdd878ab5855cfe0d32fe00655639101efddd69c,160.0,15,15,15,15,4.1
57,3,True,S057/S057R03.edf,c14f828bbab8801708392702b0af3536aa23ce706a18b212ff0599a566375876,160.0,15,15,15,15,4.1
57,4,True,S057/S057R04.edf,53d8515a722509864bd45b148d02730770f540ef56f44cb1e161fdec6978a0a3,160.0,15,15,15,15,4.1
57,7,True,S057/S057R07.edf,b46f328990c5607512f28a229769746f0322d8b50e9bc76eb2499abccd0aae27,160.0,15,15,15,15,4.1
57,8,True,S057/S057R08.edf,bb2842570aa4a89021f710397914cd810dac010cac428b75173adcc2fbf30a28,160.0,15,15,15,15,4.1
57,11,True,S057/S057R11.edf,f0195299b3289d582c4aa4fe027fb937a1c2339def7afabccd065887e8039220,160.0,15,15,15,15,4.1
57,12,True,S057/S057R12.edf,a893824591d10cd67a04b1273ed436bff4522e14c1d6b6745f2e75348267d7b1,160.0,15,15,15,15,4.1
58,3,True,S058/S058R03.edf,d974afce72f8c832de47fb809125fa6f78bf6b32558cc468c62c554078d30d3f,160.0,15,15,15,15,4.1
58,4,True,S058/S058R04.edf,4e52357fdd5f23f7acff7de83d870b946d3225885ea77b60f2ef6c2f889221d0,160.0,15,15,15,15,4.1
58,7,True,S058/S058R07.edf,be2e3cf48c68ab002ca78bac6f055b3bfc8e6597e07033bb868b0393c7a8a0d7,160.0,15,15,15,15,4.1
58,8,True,S058/S058R08.edf,156b9fd913d2277dcf4fd553f77b9a842992671d3f0b250e16c485b66c3aebf2,160.0,15,15,15,15,4.1
58,11,True,S058/S058R11.edf,4b079809ac45a8aaae9feb663e7a37501c02c3c67ce1e2399bafd49ff5b9f7d6,160.0,15,15,15,15,4.1
58,12,True,S058/S058R12.edf,ec035945aa497928bca1ae1387f50f06b68f346a992e9525afd3f91f74c081da,160.0,15,15,15,15,4.1
59,3,True,S059/S059R03.edf,ceeae042f3be7a4d705c8b13b507e58d901cdb5e7bd4e367b571f85fe5fb6070,160.0,15,15,15,15,4.1
59,4,True,S059/S059R04.edf,904e79d95c362eab86e46e0a1addbe3b80ba802b98b372c63b8872537fcd9bbe,160.0,15,15,15,15,4.1
59,7,True,S059/S059R07.edf,d425bba7b0f3019f725f3b43c2a63d703b3524f177b6341beaefc1d479c9561b,160.0,15,15,15,15,4.1
59,8,True,S059/S059R08.edf,9c96400ddc6cddc13df50bc49a564365e8f3e24fd9fac3b6fa494cb939c9c627,160.0,15,15,15,15,4.1
59,11,True,S059/S059R11.edf,6841c44bb69451d341157e05f64d00cc51ddc1d9076bf6903c5aaaff5aeed129,160.0,15,15,15,15,4.1
59,12,True,S059/S059R12.edf,ed9b66b031f545783a98ccc77915ee74b1f9b0471a6edb601408b63b7320121f,160.0,15,15,15,15,4.1
60,3,True,S060/S060R03.edf,7b6a4c4b50ae82d8dda38d58dbf4a63668a6ca241c230b110bdba481088116e5,160.0,15,15,15,15,4.1
60,4,True,S060/S060R04.edf,9547bdc9013bf74161abaae66f3f30453c159a4a0ad7f030a1d527538250ab59,160.0,15,15,15,15,4.1
60,7,True,S060/S060R07.edf,17a7012187c8be76959586c37b5d8cce35add75d601f254a683a8b805a62e404,160.0,15,15,15,15,4.1
60,8,True,S060/S060R08.edf,5f6411e04fc1fa14636a78f15a8bb49dfbd765fd5f7d9c3c3357044a9037aaec,160.0,15,15,15,15,4.1
60,11,True,S060/S060R11.edf,c33e3465474c7640dd8d58f7633c4055b85a13199f324cb77246107cb80690a2,160.0,15,15,15,15,4.1
60,12,True,S060/S060R12.edf,8b1954f873ac2e1c741522541e4d02e1ff8beede7434a5ccff36cc356d9b95c0,160.0,15,15,15,15,4.1
61,3,True,S061/S061R03.edf,27558de88191bea04c87f3f079f778217fcd016362f350e8a2c0eac6a182dc67,160.0,15,15,15,15,4.1
61,4,True,S061/S061R04.edf,788c7f7d524dc1e483e49e81f36920a65c464ae54dece6c96ce48b7d168a22ae,160.0,15,15,15,15,4.1
61,7,True,S061/S061R07.edf,b7a91ef5bdde5cdc5255ad9d8482d8b6f44d89a402d67041e05441dcdf37fd71,160.0,15,15,15,15,4.1
61,8,True,S061/S061R08.edf,9cd27a3563ba90dd3ca373b0da2be78b64c7e4858cbc9954cf4f503f39809aac,160.0,15,15,15,15,4.1
61,11,True,S061/S061R11.edf,20a555d403226f3ab61a341b768a32f4230d0613b7b7a2edb616bbff67e9f39f,160.0,15,15,15,15,4.1
61,12,True,S061/S061R12.edf,e16007dff642ce2bd6275e806525a0d66d0829f39b6b7e7a8fe18cb3fcea498a,160.0,15,15,15,15,4.1
62,3,True,S062/S062R03.edf,94b594c87e91c1e1a932bbda2022760641d3cab621132f8cbcdada1e919f5cec,160.0,15,15,15,15,4.1
62,4,True,S062/S062R04.edf,a054c47a0c59c1a375061a59144160ada314be8ad42ad7bb3971c490572c0324,160.0,15,15,15,15,4.1
62,7,True,S062/S062R07.edf,ba192adc3503f736ef9df7d07796f5b15b0413c3a5e05d5e7d3523970474ee11,160.0,15,15,15,15,4.1
62,8,True,S062/S062R08.edf,0653afdbaee66604e8f9f9161e5cfbb24fda28d9dfbd48b8a343a73a544c5e91,160.0,15,15,15,15,4.1
62,11,True,S062/S062R11.edf,1b48ec4778eb975463f126ca0d2efd093978b900f6ea0275ee32ff953d6a4339,160.0,15,15,15,15,4.1
62,12,True,S062/S062R12.edf,f95f21cde281182535aac5a41be11bcd12c1939a485535bf551e6da3f3ffe6f3,160.0,15,15,15,15,4.1
63,3,True,S063/S063R03.edf,83bb2377058d1ecc7e2ea22d55aef11d131903acf88953323cef68488ad41f04,160.0,15,15,15,15,4.1
63,4,True,S063/S063R04.edf,b3f74fe891fd3b0da76d7c42b624c8ac2b31c566e2c5d017b779ce5b2b4c8989,160.0,15,15,15,15,4.1
63,7,True,S063/S063R07.edf,1ff351b434542537e83eab5e3aef59bc272c42bdb69dc450589a0903b0b5469e,160.0,15,15,15,15,4.1
63,8,True,S063/S063R08.edf,76fae5c78ea8a2c05a6f7231b5eb8fb2b46a6001344197916a87306c786ef241,160.0,15,15,15,15,4.1
63,11,True,S063/S063R11.edf,9b829774c5dbcb1e7c3c5ffa541c9e7c22672cfa964535a8b8ecdba0db447f24,160.0,15,15,15,15,4.1
63,12,True,S063/S063R12.edf,fe724c2eff756b9b2079c0028e719837ed8a2e3cc90341065ba31f073c04ef5e,160.0,15,15,15,15,4.1
64,3,True,S064/S064R03.edf,b3001738030c26d58536d233a18956c35e12640a4b226c663e05a3c674914645,160.0,15,15,15,15,4.0
64,4,True,S064/S064R04.edf,c4fd5e8940ff3c9809023886c770dc3ca374adcfa93b85784d749241918ee5e1,160.0,15,15,15,15,4.0
64,7,True,S064/S064R07.edf,93149a39154aa81119b69e6cf2c849b214541ce7d16f48a09091efc8f54426d3,160.0,15,15,15,15,4.0
64,8,True,S064/S064R08.edf,c0abcac7f314a6a8e921f3a3e100feeb7454f3fffaee325a89930660c5f0bb6e,160.0,15,15,15,15,4.0
64,11,True,S064/S064R11.edf,bde8d57b66d9904d666702e0824f209ba0ebef5a1b3e5d01d03ab7807e901671,160.0,15,15,15,15,4.0
64,12,True,S064/S064R12.edf,d3f5426e082f27bf037e9ad16336a763b95b00578ef426cb1389830cf40058dd,160.0,15,15,15,15,4.0
65,3,True,S065/S065R03.edf,484dc9e2aeabd8e8ed55b14364b4848e079070bca661bb42f51a7cab9ca6013f,160.0,15,15,15,15,4.1
65,4,True,S065/S065R04.edf,3fc9b1712f959c02a8b6588a77e879d6d9a89d0ec4e746fafb40c2a469d66fb6,160.0,15,15,15,15,4.1
65,7,True,S065/S065R07.edf,7bbc404c049acc05e8d5e380bf62594686c3a265e222f516405254721c6d39da,160.0,15,15,15,15,4.1
65,8,True,S065/S065R08.edf,ec531cbf9279eda222e9b873129c34b8bf33f0fcfcdeb790e1c4b5a1146dfd85,160.0,15,15,15,15,4.1
65,11,True,S065/S065R11.edf,48f2b63b9f9d1274c197bc0fc0a7bf67dc53795d06f01319ace8937b2911da71,160.0,15,15,15,15,4.1
65,12,True,S065/S065R12.edf,578268f2055e302e5bc3248f8dbfbbd63c8c60b300f4082b4213add5c03e7a2f,160.0,15,15,15,15,4.1
66,3,True,S066/S066R03.edf,a760e737deaa26ac36f6c330bdcae1ed775eb6d2fc702a729eab4c0d0c7d1b93,160.0,15,15,15,15,4.1
66,4,True,S066/S066R04.edf,c92f6dbe450f79af5e76a61188c012ce7140899ef23a4adc5ea74ffcd1c36fec,160.0,15,15,15,15,4.1
66,7,True,S066/S066R07.edf,b35cc97a9bdda9f56f4a85a19d13ca7f3abf1b1dbeb93139a1d26b788643d95f,160.0,15,15,15,15,4.1
66,8,True,S066/S066R08.edf,60bf15a0629829bc2e0c615639c0f288e9b1e963a086293ee95da8a4d70f3b24,160.0,15,15,15,15,4.1
66,11,True,S066/S066R11.edf,b06a5d3fc3538be7edacf428a6c2080c011c3241996714172a456528daa2b9eb,160.0,15,15,15,15,4.1
66,12,True,S066/S066R12.edf,a3e8b2021df910995ad9792dfc2ec025ce1b858cba8946cab2bcab9899b51e2a,160.0,15,15,15,15,4.1
67,3,True,S067/S067R03.edf,b4b57a88b18afa8e2d40a0d05c53f5868879664d1c6363d4ecc0b38c9af8815b,160.0,15,15,15,15,4.1
67,4,True,S067/S067R04.edf,dbdadbd4a88eb8fda3fd90835ac8a0257101c3b58dd08fc272892d707a560fbf,160.0,15,15,15,15,4.1
67,7,True,S067/S067R07.edf,5a0c99dc1266dfb64219b872d2ce8aa6536e37f3cccadb0a330794e467120477,160.0,15,15,15,15,4.1
67,8,True,S067/S067R08.edf,838faf306afb01abe27febd1a0992f9ee46bf522073aa94bd625eef578f98480,160.0,15,15,15,15,4.1
67,11,True,S067/S067R11.edf,41d47be97d322c350d4869bcc5fe702162f15f5e2ff8640aa87836904208bba2,160.0,15,15,15,15,4.1
67,12,True,S067/S067R12.edf,88607f444d64af64f30578bfd1019ff837a0139ad7985235a6401b4edcc1f388,160.0,15,15,15,15,4.1
68,3,True,S068/S068R03.edf,2ce7f50663087ed5f90aa5a75583994c11b86e6556c2395d8cc327cd04599f4a,160.0,15,15,15,15,4.1
68,4,True,S068/S068R04.edf,7009d509684ab0b13b0253178ebf2b715a7ced2dee2b409969f088c3094f272f,160.0,15,15,15,15,4.1
68,7,True,S068/S068R07.edf,bc4403c8c2186589008953fac143b4556e05b294fff29bae1de2151f9a7ad36b,160.0,15,15,15,15,4.1
68,8,True,S068/S068R08.edf,d49374089836e11880347909fb5a358d6834303153e074f230be6caf0c66aa16,160.0,15,15,15,15,4.1
68,11,True,S068/S068R11.edf,9993b459a0a3667c0b2810476632a71f9c6601f12516ce94c3e127fc8685687d,160.0,15,15,15,15,4.1
68,12,True,S068/S068R12.edf,966c9fe51563d5dd048482211d01eb1005130ebc14b5bc6ac89097b96ba9a5ab,160.0,15,15,15,15,4.1
69,3,True,S069/S069R03.edf,1a3ca3653caf83303ac1e7e9cbc965a8a135d04f383dca4170c54264d5368253,160.0,15,15,15,15,4.1
69,4,True,S069/S069R04.edf,31d86ad9d97e919e9705503bcd47f391a75e1b89f327bfe4656eb76b41fc628b,160.0,15,15,15,15,4.1
69,7,True,S069/S069R07.edf,3d465afa0d689bf913f8a5ffa486a3dd9808310d20d7750920f760a010ef158d,160.0,15,15,15,15,4.1
69,8,True,S069/S069R08.edf,72a1bc8c4b7790aa730a92029fb18cc9a9894d3934411d3b02f5bf6806f4c3af,160.0,15,15,15,15,4.1
69,11,True,S069/S069R11.edf,83adb3635af06c072ead0677b0f97ea35af309cfc9499e386c6aa5b697e0e016,160.0,15,15,15,15,4.1
69,12,True,S069/S069R12.edf,c47fb991214b23a3e30fcdc62d8bca21f4df7765417bba5ebc89255f5043fb7c,160.0,15,15,15,15,4.1
70,3,True,S070/S070R03.edf,9b04b49209c33999d70119b985f0ed5ea5dbe3fd4363dde555e742872ed7f5c5,160.0,15,15,15,15,4.1
70,4,True,S070/S070R04.edf,ac0f01d6df57bd65645c2c6a5b6685d38b11727bf41927fdca90ef7e2d601482,160.0,15,15,15,15,4.1
70,7,True,S070/S070R07.edf,cd366575453680fb6b0af26f93bd220b17c5da1d66ef4a594a7c489c0f1d6907,160.0,15,15,15,15,4.1
70,8,True,S070/S070R08.edf,8c3737b379124d86fe35ccbe37164773c97926d6c7731007dbf54722848e685f,160.0,15,15,15,15,4.1
70,11,True,S070/S070R11.edf,d54f1b715e23bb3a48a6f904ae2eb50d109447fe4c483eadffe7e965339c34de,160.0,15,15,15,15,4.1
70,12,True,S070/S070R12.edf,9519f622bb5de5cd8f24eb6a765888a78a28bd17446fc9a41ec13ba84b75a0db,160.0,15,15,15,15,4.1
71,3,True,S071/S071R03.edf,2a196695568ea8b1f977ddcc95e4e8211d55c087e04d539ec64f65537d438e58,160.0,15,15,15,15,4.1
71,4,True,S071/S071R04.edf,746cf8cb98ec73c251059675f4c5b956c9e8db11bd0de7b7785950e53ebb4647,160.0,15,15,15,15,4.1
71,7,True,S071/S071R07.edf,0e734c92705376f7e26989101d0d6bc4adff69d8eca4a8f98a17b50700cfef27,160.0,15,15,15,15,4.1
71,8,True,S071/S071R08.edf,0fe7edfcff87102410fde01bbb9a4770b20ac6359f3bd77dbbc3551cd2ce35cc,160.0,15,15,15,15,4.1
71,11,True,S071/S071R11.edf,6c798e4af0e540fcf6f026ed4f10498ebc2da3075b3d30a564822228d67af808,160.0,15,15,15,15,4.1
71,12,True,S071/S071R12.edf,54ab787be535020ba05284d323656d201776261b78e2d9f903a8b4b573dc6be2,160.0,15,15,15,15,4.1
72,3,True,S072/S072R03.edf,65e1b35a0098d9eb6a64f618ff8b106662dc14a6624a392e7c5bcbf675a843fa,160.0,15,15,15,15,4.0
72,4,True,S072/S072R04.edf,854bc325b4913798858d5ad099c953c6a018cbbb73a1dbf465882ea2f965d5f9,160.0,15,15,15,15,4.0
72,7,True,S072/S072R07.edf,ad44b64c22a62b119afba8ca57a9dd1e632da8e422abd2dbfe92b9088df96250,160.0,15,15,15,15,4.0
72,8,True,S072/S072R08.edf,94bfc11c4720ca4a52dd683f74dba027c47a3e00a634ec15c816f7ff3801ba8f,160.0,15,15,15,15,4.0
72,11,True,S072/S072R11.edf,3a2d6e7ba690f2ca53a716cbb6eccbb6bd47d1ad1021a819a60c1e9f68333b45,160.0,15,15,15,15,4.0
72,12,True,S072/S072R12.edf,8d4b7877af0a9f04c281ce539c65085ab41d21cdb97b28282f55ab26f5dd6afc,160.0,15,15,15,15,4.0
73,3,True,S073/S073R03.edf,f1632361422757358260ab11e6b818e9594be3d85082097a772ba46bbd21f295,160.0,15,15,15,15,4.0
73,4,True,S073/S073R04.edf,b7545db1ffdc782d1012419b18a823c35d6f6fa96e3f7c836f08e3d799aff5f4,160.0,15,15,15,15,4.0
73,7,True,S073/S073R07.edf,012e37d81ab052c3751d06203f4c418341135c71ab4ef6536f4485d02bc11872,160.0,15,15,15,15,4.0
73,8,True,S073/S073R08.edf,df5ac3bbcadd037c1698db4e3f36ba4f752c6571775c7780c3ec5a778025f909,160.0,15,15,15,15,4.0
73,11,True,S073/S073R11.edf,a2b965a59a34f3f872756d5d891bd268d5b041ec60f8c0010847d17dbbff6256,160.0,15,15,15,15,4.0
73,12,True,S073/S073R12.edf,da24f28f7a880c97e25a45e0f9eb86dbe7aeb13b651e6cef0f99afe2aa1f425f,160.0,15,15,15,15,4.0
74,3,True,S074/S074R03.edf,b93be723755be84e63dd7ad2a09e396392d71a4a6c156b085a7577a1ff6fce9d,160.0,15,15,15,15,4.0
74,4,True,S074/S074R04.edf,ea84e05235eb45067eb84f19aa09c4c5d429af1e9d865ee5eae1b2aaab46a081,160.0,15,15,15,15,4.0
74,7,True,S074/S074R07.edf,d51407f00e5f51714f155025b59165e1629a6f77e1205f0f693917400489198a,160.0,15,15,15,15,4.0
74,8,True,S074/S074R08.edf,e594ad62e81f3948d52e1bf5b896598543e4c739e06df596160dd379af59b99f,160.0,15,15,15,15,4.0
74,11,True,S074/S074R11.edf,c7ab21c448f8059e8674b21f9bdd96311c83086c6a7faf95aec5d75c319bc01b,160.0,15,15,15,15,4.0
74,12,True,S074/S074R12.edf,f6ea6103b34721b8d2d8e1175d305491303cf5f028879791f14443da810d1c7a,160.0,15,15,15,15,4.0
75,3,True,S075/S075R03.edf,3c7d10331971c041abdc9fc02041ab2c80384e3b84ff3f58d9d54c7572590ca1,160.0,15,15,15,15,4.1
75,4,True,S075/S075R04.edf,87714f913602a939c24e3ce672a689ce20f966c5d19d5f699f898a94cca4c086,160.0,15,15,15,15,4.1
75,7,True,S075/S075R07.edf,d933c3ead467e6c662fc45bdba943f20177079470d1d06ac4cdc989d6dfadf5a,160.0,15,15,15,15,4.1
75,8,True,S075/S075R08.edf,12c3c5d354210080fff50cd4bb475cf89df420c18b0a1e675dee817a79b380ba,160.0,15,15,15,15,4.1
75,11,True,S075/S075R11.edf,8d55cffc5f065f1de6c5007d2f42393f0f4fa2d40a01de17060d03cd515d3b23,160.0,15,15,15,15,4.1
75,12,True,S075/S075R12.edf,6c33faf3fad9d274e8e7718c6dc2df6e8d54e5478638684530b7f854961b0eec,160.0,15,15,15,15,4.1
76,3,True,S076/S076R03.edf,413e4c44629550309789e4d0bcb33b6c5d9018731b497fc5189634e077636860,160.0,15,15,15,15,4.0
76,4,True,S076/S076R04.edf,48efdb5438f403e40a95262b12bcfe0147d581610c57ae33ed71c639068a04e8,160.0,15,15,15,15,4.0
76,7,True,S076/S076R07.edf,f45b4bb5193806594236d25ce2e6d3664d560aba813b92259e688f791a8d3552,160.0,15,15,15,15,4.0
76,8,True,S076/S076R08.edf,b7177ac5c852f96bc54093baafb7fcf0036cabd1263b8dfc2ab594105df3ead8,160.0,15,15,15,15,4.0
76,11,True,S076/S076R11.edf,2a5e9b3db7c0a2d6e030a25131a20e62bb5c4995cf9c001baf605fd0b7f8f254,160.0,15,15,15,15,4.0
76,12,True,S076/S076R12.edf,6e9353b6b73166048fe7477a7f76b25a768d56bb0490188f5c8186506e96c47a,160.0,15,15,15,15,4.0
77,3,True,S077/S077R03.edf,07eca0c3b99b709c128c52ff9b8bae2b0dca9b84bdc30845cae16e694a935aee,160.0,15,15,15,15,4.1
77,4,True,S077/S077R04.edf,cdccce472114bda440a3eb03fa0a1bf32d9dec5753a105736672389bff46d9d9,160.0,15,15,15,15,4.1
77,7,True,S077/S077R07.edf,69788b22d85f3fe8f1e6d18ed916c035ceb5bb042830c8d2d62515e4a5ed75b2,160.0,15,15,15,15,4.1
77,8,True,S077/S077R08.edf,c0bea153dc620d85e59fd9115459a07da82c137b4e836c1752d1a350cbdedab7,160.0,15,15,15,15,4.1
77,11,True,S077/S077R11.edf,e023615579d13a36aff9332b376c5e98e795b77d26827e331b3ac0151742734a,160.0,15,15,15,15,4.1
77,12,True,S077/S077R12.edf,09e9310ea5e0a9a17a0f0d48e9d2cd3b36bca4c4901c4ef246b2b789d08e1927,160.0,15,15,15,15,4.1
78,3,True,S078/S078R03.edf,108c6824287a8a48eca4aba572a0a689bf46931e7c35556ebd36957907c16ceb,160.0,15,15,15,15,4.1
78,4,True,S078/S078R04.edf,4448c6889ea396f851dd48708509b0620974421768814d18d1d5b0f6f22c60c4,160.0,15,15,15,15,4.1
78,7,True,S078/S078R07.edf,43521ca9ff9b7cab6cf52bbe6313ea2cdbe7772a27f42e8a310cd0aeccb4be34,160.0,15,15,15,15,4.1
78,8,True,S078/S078R08.edf,a008d9c403db430abd52d91a04955431b675eb283d3fb9db80e75feb08e3fe39,160.0,15,15,15,15,4.1
78,11,True,S078/S078R11.edf,cfad033ec2419b92300f61a64be8f0a547ea531ffc20a0d51719721da81f4f1d,160.0,15,15,15,15,4.1
78,12,True,S078/S078R12.edf,e4f6f983bf941c4f713b353a79594af49095e7f002b102ec086a93dec3aa37f5,160.0,15,15,15,15,4.1
79,3,True,S079/S079R03.edf,72bc07225a4c4cf79335f39e6dc62690bd4bce2789064e53d61af13029ae1416,160.0,15,15,15,15,4.1
79,4,True,S079/S079R04.edf,5538f0fbeb647ea7577e448856433edd3c3884516ef6bc5bf10d601cc62824ac,160.0,15,15,15,15,4.1
79,7,True,S079/S079R07.edf,74184070e26635730190095b4e81558916e897b97a0b09326facfbf3412ac6c9,160.0,15,15,15,15,4.1
79,8,True,S079/S079R08.edf,e65556abef6b586d84ebbb2e0a42caeb493f58af9c3d62ee4d41dbf43ceff973,160.0,15,15,15,15,4.1
79,11,True,S079/S079R11.edf,446fea2a6a8885b3230d3fea22cfa4aaaf2ea3f8ff43a413ddbb4e532b41aa70,160.0,15,15,15,15,4.1
79,12,True,S079/S079R12.edf,0350def02e230173edb8d69c7e66fb22155d00530fb7ce9e945921e0ab6abf95,160.0,15,15,15,15,4.1
80,3,True,S080/S080R03.edf,021c4dbe3656eeb9e95ee4ad422fd0d0acaca6ef06ab3607e373ac1bde810a6f,160.0,15,15,15,15,4.1
80,4,True,S080/S080R04.edf,39a8fcd0b3e2e7f7e33c54e867036d5bf43350e6525278d42c39cf6e3f642796,160.0,15,15,15,15,4.1
80,7,True,S080/S080R07.edf,42d1be730e0f57bd2f6974856ada684ded850b1d11e7a58754209892f2e1dc5f,160.0,15,15,15,15,4.1
80,8,True,S080/S080R08.edf,b0f8d997cf95924f44e7a6fe44e525d22f66c4760587cd7589d4430d210c2d0b,160.0,15,15,15,15,4.1
80,11,True,S080/S080R11.edf,3f143f67b084e6b46bd62ceea2fb3de4b68445b319355239694dd037ae85264f,160.0,15,15,15,15,4.1
80,12,True,S080/S080R12.edf,a0b99813248b36ff650076e0fe38f205e84a6f26e18bce0a43c5510a4cd933f7,160.0,15,15,15,15,4.1
81,3,True,S081/S081R03.edf,c493f4eca660b386bcac76cec638928f5b98cc88eea16ff97b67993b6405ea5c,160.0,15,15,15,15,4.1
81,4,True,S081/S081R04.edf,abb5db7c9c42a09fe10644c0a071d8511b1a31b0014258e0b076cd9195b0ed2f,160.0,15,15,15,15,4.1
81,7,True,S081/S081R07.edf,3eebdead7b378306bf45d32035f06493de11b6e0f6e7d127ea1f6281371efce7,160.0,15,15,15,15,4.1
81,8,True,S081/S081R08.edf,7faa1f739438962a64487e2132aabdc5c9528430a5f8e374f4b5a9106cc70fa6,160.0,15,15,15,15,4.1
81,11,True,S081/S081R11.edf,98120ee5954f8e394f6405ec853f66cdf656c24c456b6fc004b66e2117135c98,160.0,15,15,15,15,4.1
81,12,True,S081/S081R12.edf,48e0a4562e2355a3737b412fc54259c7174269f5e6012448fed56253854950a8,160.0,15,15,15,15,4.1
82,3,True,S082/S082R03.edf,1df043bd8c67a867ffafc493d40cc183b9c15f46b4a45609b27b386a6b056280,160.0,15,15,15,15,4.1
82,4,True,S082/S082R04.edf,b3e4c74b4cbbf1aaec1af0c3613fc9d2a27d6d96ac62c7907551a87fa9bf0bbd,160.0,15,15,15,15,4.1
82,7,True,S082/S082R07.edf,2e76d2510e31a569d934e5e0c79d80ad5d5b717210edfef603da9ed469a0ebe0,160.0,15,15,15,15,4.1
82,8,True,S082/S082R08.edf,47ba5b30c2427a7dd4117f26ac5491a0bdf9a2e5a619bfc418ee59b3941042c9,160.0,15,15,15,15,4.1
82,11,True,S082/S082R11.edf,7b7a5f1608517ddeed1dc7e4e349c346f90ef9d1aaabddce3dde87b65efe2120,160.0,15,15,15,15,4.1
82,12,True,S082/S082R12.edf,a389f918554ba206ee4330deaafe1e21750fb44317401628841ee6e2e9b83a8a,160.0,15,15,15,15,4.1
83,3,True,S083/S083R03.edf,05e2dd9755eba090bd9445c850a7d7d3ea85f1945f36b84787ee434f25ba9c80,160.0,15,15,15,15,4.1
83,4,True,S083/S083R04.edf,8e28c29d9d6203a35237b30878a1678b677e762561ee6f55854661284d9b3a21,160.0,15,15,15,15,4.1
83,7,True,S083/S083R07.edf,30da924b540a596f91e0964cc993821f29f3ec4ddea82aea78fd60706c6ac32f,160.0,15,15,15,15,4.1
83,8,True,S083/S083R08.edf,cb1c0b233d3a0e618c4ef16f80cc5c2cfd400162aed06847c6e24b1d6cd2add6,160.0,15,15,15,15,4.1
83,11,True,S083/S083R11.edf,2fbf5cfee173730d5a816355c31442044ed73fb20683f376ed90115786f0f21b,160.0,15,15,15,15,4.1
83,12,True,S083/S083R12.edf,7fa028930f6c461c054e1d22e6026f954688b99817232e88f13892c4d7e2dd91,160.0,15,15,15,15,4.1
84,3,True,S084/S084R03.edf,83318bf6b9b298cd261109537d31ce9a945d29c0064152fa19f04b49a004a0cc,160.0,15,15,15,15,4.1
84,4,True,S084/S084R04.edf,0b79d12851eb2fc57b8fb94c29fc78d228c2125233a0a4ab36581d83e1136456,160.0,15,15,15,15,4.1
84,7,True,S084/S084R07.edf,e9674d16f540f1568073ad21fe40ebe186414813069548bc45c8fe6f0ff44a66,160.0,15,15,15,15,4.1
84,8,True,S084/S084R08.edf,4228f23c5c8579ed84d2de2a35d33b90ade7202ff18df9e404aad44395acea75,160.0,15,15,15,15,4.1
84,11,True,S084/S084R11.edf,2491e3b8b033ae43659c025a9ef62beceeecf202ecedf579f1dfe7e0b06fe8ec,160.0,15,15,15,15,4.1
84,12,True,S084/S084R12.edf,7e726571c4a9b7513e9e0afce0546a9fb221f13681e70e2d29a02725e608451b,160.0,15,15,15,15,4.1
85,3,True,S085/S085R03.edf,3723d3c37f3fc3b8ca7246de882e8ad2edea370284e4878f8a706d6bef0e2f8b,160.0,15,15,15,15,4.1
85,4,True,S085/S085R04.edf,da0fbebf6dd7074cb3b71769f2a32259249b360e8ff03d832e99a02ae7a55090,160.0,15,15,15,15,4.1
85,7,True,S085/S085R07.edf,67e6d9307b088dee4ab676419451931e4215372843e55c99f55629375fa1d61d,160.0,15,15,15,15,4.1
85,8,True,S085/S085R08.edf,7da6a14c5b2722ddfa3962cb0b5580e3a5207c77154a6bac05c73d7f75e4409e,160.0,15,15,15,15,4.1
85,11,True,S085/S085R11.edf,d2dbe9fbdf9e0a050f08811c18b25bc69a4a87abbca6c819ef96515b72147fe1,160.0,15,15,15,15,4.1
85,12,True,S085/S085R12.edf,bd78d9b98a9ba10ac7ba51cc213970da2f2c7a7f3238714b362017306d53983f,160.0,15,15,15,15,4.1
86,3,True,S086/S086R03.edf,b9d675c4eea24f641af5ca3bc5eb08edd0b8441100c6729a4b3652bf0997447c,160.0,15,15,15,15,4.1
86,4,True,S086/S086R04.edf,606f9e327b219cbd980f4cb5d83497052a07d927415d1769b039bf0ed7eda693,160.0,15,15,15,15,4.1
86,7,True,S086/S086R07.edf,012d5e9c8d6e50fed9e25a748a638168b18fd18153a2ef69a4e1b8cf5836250b,160.0,15,15,15,15,4.1
86,8,True,S086/S086R08.edf,221dca79488392aa00b3462fcfa6a21b185e5814cf6534ca35b24780aa1da799,160.0,15,15,15,15,4.1
86,11,True,S086/S086R11.edf,54c35f32beb832e3549fd73264eeb3092601b2ba29b2b11c9c7be42a70795e31,160.0,15,15,15,15,4.1
86,12,True,S086/S086R12.edf,966b7d92a7e7d3981d56dbf0e159fbfb3fbaf2d955e3573e384918b24431284d,160.0,15,15,15,15,4.1
87,3,True,S087/S087R03.edf,dc60f233daf4d2a62453582210f0186514e02e4d3967af1ef8881361cc55da5b,160.0,15,15,15,15,4.1
87,4,True,S087/S087R04.edf,4f1599825e6aae94add2c0ebcf8bcb23a65bed258cfb89a73a06a6861fc586c3,160.0,15,15,15,15,4.1
87,7,True,S087/S087R07.edf,70be34572544b1dbb96739d53b694fd0d983a91810f9e05addf1eced8b013b3d,160.0,15,15,15,15,4.1
87,8,True,S087/S087R08.edf,58ec622ce0deaebeb43334c3f255e81b01e612751cb0b13d2471b2ce98fb67bb,160.0,15,15,15,15,4.1
87,11,True,S087/S087R11.edf,ef3af1f11e1c90c305bb5caaa47d3ca98076a3b47378c1a81b6a85b3f2eec5ef,160.0,15,15,15,15,4.1
87,12,True,S087/S087R12.edf,1fc744ced6882cc083447d4228f2868ad8cd3708506491adaf6b949e1e1aefc8,160.0,15,15,15,15,4.1
88,3,False,S088/S088R03.edf,95c2618922b253bb9faf4a565dc64bbd3b213347764aaf470661b5ea3755c241,128.0,19,19,19,19,5.125
88,4,False,S088/S088R04.edf,ce6b97a3e00de1b844694fc889ec0ac568fb5c0129130d8e701761fdf0e2711c,128.0,19,19,19,19,5.125
88,7,False,S088/S088R07.edf,e7eed7f6d17a3d7e11ef52de0237ba2d93508990406cfc5fba40c91347b366b6,128.0,19,19,19,19,5.125
88,8,False,S088/S088R08.edf,cc57c5b3d363247feacb04b4ef37a30b930ef7a202449874f3773a24af5332f2,128.0,19,19,19,19,5.125
88,11,False,S088/S088R11.edf,a7fa83aedd07dacc07408fa53026d4626aa9680968946930a6f369bfdada8778,128.0,19,19,19,19,5.125
88,12,False,S088/S088R12.edf,930e7f40798227e75d28c35e9d79b6c58c78d742daa1daad95f967f633ee02b3,128.0,19,19,19,19,5.125
89,3,True,S089/S089R03.edf,0de49011384bfb26129a96a0ad2d4edf64f22eacfb523da12afb9889c324c0af,160.0,22,22,22,22,4.1
89,4,True,S089/S089R04.edf,59b477c2e08b85fd3efe774945f6becc5073d654bf0f5b911d45dcf30b92c8a9,160.0,15,15,15,15,4.1
89,7,True,S089/S089R07.edf,93a6e3dba6343f46211d0f57dd81776da03488be2356006dda7023c1c22e1dc3,160.0,15,15,15,15,4.1
89,8,True,S089/S089R08.edf,ee2d004c55381ccbc5f75062e714da9705c7e8cac1d4193952d646399f3ef7e6,160.0,15,15,15,15,4.1
89,11,True,S089/S089R11.edf,7f41dc795cb95835ad59fbb44fc8fd14a191dd9634ccb82b73cf2e9a04eaabd5,160.0,15,15,15,15,4.1
89,12,True,S089/S089R12.edf,2fcf2f10853418d0ca8184e008b29ce2d49a4762c0f5e82aa71298925ab2abf4,160.0,15,15,15,15,4.1
90,3,True,S090/S090R03.edf,aa2696005ede093289712cbff6c1d9ca7fb72c3f127e8e29593b87c160a2c277,160.0,15,15,15,15,4.1
90,4,True,S090/S090R04.edf,693e109389bc37367ab66ff558171a2fdbcf74bdcace569303e7da8c0f9f8a58,160.0,15,15,15,15,4.1
90,7,True,S090/S090R07.edf,4dcb675b5b73c8d79b7e780e310ef91e5060c5965b6aa7e0bdeeed00862e2621,160.0,15,15,15,15,4.1
90,8,True,S090/S090R08.edf,9585057959bbaae8a4b6ef81546a88a3ae1d6e95bbc7dfb1dd6a846d46af0637,160.0,15,15,15,15,4.1
90,11,True,S090/S090R11.edf,d2bf6493d1968c5e0ad3c90f0a5b807b87e321ba5e516d2184db3c18a54443bb,160.0,15,15,15,15,4.1
90,12,True,S090/S090R12.edf,8cc1a80be7f14683b645e7443854c6cd938e31049be92344adc58a9e4c586554,160.0,15,15,15,15,4.1
91,3,True,S091/S091R03.edf,0bed1c3dded92a145b61d90c8df087b5502f72b54e5f027855297253944a1f82,160.0,15,15,15,15,4.1
91,4,True,S091/S091R04.edf,285b7884315a91e2d565aa74f208b1c13a9386af477cc7c6dc8253efcd5d1f25,160.0,15,15,15,15,4.1
91,7,True,S091/S091R07.edf,1f4f23a9a08c83685a165f25386bfc5aefd90ba5031337bf0775d790f7fd8e9f,160.0,15,15,15,15,4.1
91,8,True,S091/S091R08.edf,d38c2dff0d43f699c7c2bde4387d52745f5073a827c2d41200e0aef9371015af,160.0,15,15,15,15,4.1
91,11,True,S091/S091R11.edf,1fdc4fa050d6249b5daa14099225882eae6c48a99b7993016b536b34ba51fd2e,160.0,15,15,15,15,4.1
91,12,True,S091/S091R12.edf,3c17be3adc32ebdf36b4addb89fb78b0b0d0aed352497795aedd8f17cea30b4e,160.0,15,15,15,15,4.1
92,3,False,S092/S092R03.edf,7131a3198f80a3a770ee2396e8792f644fe9ee520edb632edcec921fc9a57c69,128.0,19,19,19,19,5.125
92,4,False,S092/S092R04.edf,73ca4043e4c8d38722fc6482a0e231a8505ef6b760cb26bbbb8206f481e683c1,128.0,19,19,19,19,5.125
92,7,False,S092/S092R07.edf,0067ca60ff80f5f27bd234bdc23414e0b99b0adf5cc8a989aa2c34afe6de2204,128.0,19,19,19,19,5.125
92,8,False,S092/S092R08.edf,38c8c9e7261c6882b4fc0db19c4ccf905e5249611c6fe9d3c34ed7da098c6481,128.0,19,19,19,19,5.125
92,11,False,S092/S092R11.edf,d6952ffae0a847e93296a6a5b66c9ef66d5e685b08fceb730e84fb36793e806a,128.0,19,19,19,19,5.125
92,12,False,S092/S092R12.edf,5e84bc4b49bd530383b8c28c9f0296d7847012e49b276e916278cea2d9b4ff9d,128.0,19,19,19,19,5.125
93,3,True,S093/S093R03.edf,20c0e4a51b3eac6047fe26e1f3aef29b4f74caf5e335db090f682f1f7610afb4,160.0,15,15,15,15,4.1
93,4,True,S093/S093R04.edf,cab05a2b51874a488cb968bb6c76afb883a7057e384c0af1b7a766e34f4a1de2,160.0,15,15,15,15,4.1
93,7,True,S093/S093R07.edf,1c493c8dc14e1e1e01c02e0cbe585d1798be82e1503dfdcfe7066db93387157f,160.0,15,15,15,15,4.1
93,8,True,S093/S093R08.edf,54d9a7c0997e29abaa6ffec4a48e32555fff894d83e778c5e974452665835d4d,160.0,15,15,15,15,4.1
93,11,True,S093/S093R11.edf,d312b4f5b5faa38dbc90b0ce863a4dd8181f4a32fb535487fc049b2cc9a523a7,160.0,15,15,15,15,4.1
93,12,True,S093/S093R12.edf,3fea038b8ee2551bfa67f17a6dd668a30e70817996102b7b30dd7f8d7451bd47,160.0,15,15,15,15,4.1
94,3,True,S094/S094R03.edf,ceed432815df2089c58aff28a7a9bf37b3d5cf7ef61825a717dc0fd414f6a54a,160.0,15,15,15,15,4.1
94,4,True,S094/S094R04.edf,41b63eedefea1796e9289de2ead00b6e03bc6f8319cabe1cd293c981c4cfc406,160.0,15,15,15,15,4.1
94,7,True,S094/S094R07.edf,9aa5ec681860884f534e93a56e10cb276dca8b092435483abdde2b853df35c07,160.0,15,15,15,15,4.1
94,8,True,S094/S094R08.edf,a265132a093b20b1366ebdd17e77628a0b4feb3b02cf7c037fb092a03a1f47dd,160.0,15,15,15,15,4.1
94,11,True,S094/S094R11.edf,d07dc1f9703a53caf60c3eff7de342cd54264a3077e6c7975efa20adff7c52fd,160.0,15,15,15,15,4.1
94,12,True,S094/S094R12.edf,2f70c608f9e291559ca1e135824ea1c8aa44eccdae35bd18705d5574abc68523,160.0,15,15,15,15,4.1
95,3,True,S095/S095R03.edf,fc0385bf90bb072c71c20602106599dfc212cd92c7675697d857db811e3ec2bc,160.0,15,15,15,15,4.1
95,4,True,S095/S095R04.edf,d6e647c36b24df0524c32d896328b876a079ae75be41aa665c5fb0871ace1430,160.0,15,15,15,15,4.1
95,7,True,S095/S095R07.edf,9dbd5a02ae1fecdb713909528ab6803c5a4fbe027dde1da453b71ed3420a3315,160.0,15,15,15,15,4.1
95,8,True,S095/S095R08.edf,e3a48b8a9582fc7286a014902b73cdfec56c3cb1b4376822b5275178ef7d363d,160.0,15,15,15,15,4.1
95,11,True,S095/S095R11.edf,677157a867afe196b3c9eed6e156da65323055506f3bee130034ea7381ccf14a,160.0,15,15,15,15,4.1
95,12,True,S095/S095R12.edf,ec1661503c6628bda69ba9aff83004bd9528e282707e83f243dc906bcd64caec,160.0,15,15,15,15,4.1
96,3,True,S096/S096R03.edf,d84c57263849e5980aaa0ce9c4b40590ffa912cc45ddb9231de7f6336b8af234,160.0,15,15,15,15,4.1
96,4,True,S096/S096R04.edf,c39a9977ef6b916ec4183e678a0eedb12695ce9084e2a43fade39a6038cc907f,160.0,15,15,15,15,4.1
96,7,True,S096/S096R07.edf,1d4575fea624049f78bd4139006308fb88cea1da31e51690f0aef14c5063cb06,160.0,15,15,15,15,4.1
96,8,True,S096/S096R08.edf,6dfcfa5182fc32ca2aa8bf74722f43cd992b2bce64cb7fc15a4ba13a9533fe10,160.0,15,15,15,15,4.1
96,11,True,S096/S096R11.edf,f4893d08eeb086de8eb889dd3d36ec3fe8ffbc56c93ade7a08ebf1af6c731877,160.0,15,15,15,15,4.1
96,12,True,S096/S096R12.edf,a55f541160ec1f29086e8ecc7e54ee60fd5d0ec9edbd40313c30bd4c7695c81d,160.0,15,15,15,15,4.1
97,3,True,S097/S097R03.edf,c3ff3efe887db00e8fa2900dfa09278abd23dfc090262c231815005e81f0736e,160.0,15,15,15,15,4.1
97,4,True,S097/S097R04.edf,b179e92e1d5ff926d6aa88bf3c748201c8368312fb31b1d2bfb8bdd033c67cce,160.0,15,15,15,15,4.1
97,7,True,S097/S097R07.edf,1e895aef79f71d0a04a68f4578ad204733a3631ab9c2852526a4f604b8d9392b,160.0,15,15,15,15,4.1
97,8,True,S097/S097R08.edf,d36269db5e812dfe12879bdf3ecd1d1f7dc0319d59f897dae352e5e19532cb98,160.0,15,15,15,15,4.1
97,11,True,S097/S097R11.edf,6d491c8035377279db2aecf740cb19fccc0b00d92d642595775146adbcbbade0,160.0,15,15,15,15,4.1
97,12,True,S097/S097R12.edf,afab0765b4ee4d03198c1e0a18a0f285c84d6734dbd1cf305886cf0d7464f433,160.0,15,15,15,15,4.1
98,3,True,S098/S098R03.edf,5f37a275e82a5911f1f467fee237bd97dac7496277db7025864bbeb0e8e52b80,160.0,15,15,15,15,4.1
98,4,True,S098/S098R04.edf,9bae31bf3add196cc4588f279b3a372112331b5b385eec4490f09a23c29a9468,160.0,15,15,15,15,4.1
98,7,True,S098/S098R07.edf,9e6287b11b514ababb4185c98955086fbc53547c2758e2876e23c63bbd7ff766,160.0,15,15,15,15,4.1
98,8,True,S098/S098R08.edf,e357cf8d5236aa3b63e212bccd663e8f07d8b98952d3ae301eca861a63736c19,160.0,15,15,15,15,4.1
98,11,True,S098/S098R11.edf,55c06e652ae9e6862e19c9e6e0709add991fda1d314df27982d3dfc13ea93a72,160.0,15,15,15,15,4.1
98,12,True,S098/S098R12.edf,7523f3be8c00b0ffaf151c4e5f4b3407a88d499b65aeb8b37e6c37bdbed5bb01,160.0,15,15,15,15,4.1
99,3,True,S099/S099R03.edf,9166582d968b024a2ca92b99926c4658d6911bb2d3a2256514be716fe57a165f,160.0,15,15,15,15,4.1
99,4,True,S099/S099R04.edf,c463ad89dc08d0d5e6fd9f766b0e1c743b802290d93a3c496a9faf3b8ed6032d,160.0,15,15,15,15,4.1
99,7,True,S099/S099R07.edf,e9c2be6c0a2d80d78feaef0d251a18f6b753c7987297ec84e66dee0910397afa,160.0,15,15,15,15,4.1
99,8,True,S099/S099R08.edf,6c5630263f0e2a23e2ec4c57c00831ced0469b3fc4c8dc79cee7216bb85a4810,160.0,15,15,15,15,4.1
99,11,True,S099/S099R11.edf,c5e935a60f572f30fd2aa2e9639b02f313cb498af17f9105f644d51636fda4f7,160.0,15,15,15,15,4.1
99,12,True,S099/S099R12.edf,79a4364092c5678b43071c5907afe061974346751bd90a2d8eabdc7ef8808e32,160.0,15,15,15,15,4.1
100,3,False,S100/S100R03.edf,1498da5c347ddbade9c693f68063d3fbe244dddb6fc73bcbbb16331d05a0e9a9,128.0,12,12,12,12,5.1
100,4,False,S100/S100R04.edf,0b8af6ed149b8b8d05a5d25da8896c6b555a199002acc0705dc1c5a01e489ea4,128.0,12,12,12,12,5.1
100,7,False,S100/S100R07.edf,b3bb899c1bd819e50b9c7ad5837fd57b70ca7c423e06e3f9bafa885eebc0fa97,128.0,12,12,12,12,5.1
100,8,False,S100/S100R08.edf,8371eec06d0b1ff62d10e016124e3bc2db411ab6764fea572fb2d1f25a6afd97,128.0,12,12,12,12,5.1
100,11,False,S100/S100R11.edf,9fca7506be3fde10877ebc06d1f64a10aeebf7a99c1058762da81548d562fd18,128.0,12,12,12,12,5.1
100,12,False,S100/S100R12.edf,6dbc4350c7e26c46b96ece5cd7ae2cdf1a9303d237d7089216e5facbc1d25538,128.0,12,12,12,12,5.1
101,3,True,S101/S101R03.edf,6bcc5fc3330b946a93fc50f2d4ffae97612a78c6f592a443b46b9cba7a06df6c,160.0,15,15,15,15,4.1
101,4,True,S101/S101R04.edf,6618bca949e60277dc7a6a23e9fcc5e1d582165550fa31b391a132b2b30b2ace,160.0,15,15,15,15,4.1
101,7,True,S101/S101R07.edf,4159deabe1ee6e896e8b3604c4260f227c93c43284c99d5c39db63fd3928cac0,160.0,15,15,15,15,4.1
101,8,True,S101/S101R08.edf,6e3be34d8b83eac9aca9438049e9de0a8026d6d861e1a0cde5a2df3b4c225331,160.0,15,15,15,15,4.1
101,11,True,S101/S101R11.edf,0cac663bde79ffa8674e322b8d7590621568306cbd411618c4370843b3eadb6b,160.0,15,15,15,15,4.1
101,12,True,S101/S101R12.edf,89538acbaec07991b51b64bb1dd2b7e3927a4436f02028410de95d06e85f683c,160.0,15,15,15,15,4.1
102,3,True,S102/S102R03.edf,f4e0d946b27185e80ed8326d2b0985a72e8c1b25aba86496ba3c91797fd8a6b3,160.0,15,15,15,15,4.0
102,4,True,S102/S102R04.edf,a66ad16f27f36c7fd126e15d47eae464e52c906eb5777c9188f392d0db97169e,160.0,15,15,15,15,4.0
102,7,True,S102/S102R07.edf,f25c51950d872a5bfd169cb79263fda5e7c49d4c14d9cdfede7698b242099bde,160.0,15,15,15,15,4.0
102,8,True,S102/S102R08.edf,6155ab874f65352641325fa1a308cca891820821572a28cae81a87740a046883,160.0,15,15,15,15,4.0
102,11,True,S102/S102R11.edf,8debe5134c1bec5e986ce2c025cd133bf1de8486837c363910b79349ebd6e889,160.0,15,15,15,15,4.0
102,12,True,S102/S102R12.edf,bdfca4e013a18c8f43c424fd3acf604c231b1405e12c86dc7dd902b427d235a0,160.0,15,15,15,15,4.0
103,3,True,S103/S103R03.edf,a4d0c0209751833078eeb3d953e161d0fcaa02c4af5e93e93094d2add8106b65,160.0,15,15,15,15,4.1
103,4,True,S103/S103R04.edf,a4c707cbd94c08bb37718f9c7d03c7259389e4e43e9418f3887de35acfb1125f,160.0,15,15,15,15,4.1
103,7,True,S103/S103R07.edf,e40a112d21a463232a84e08c88496fdec8e7cf2e12fde7654c891ded54640cc8,160.0,15,15,15,15,4.1
103,8,True,S103/S103R08.edf,9a594869f6cfff74f5d448abd2268870fa98c57381bdfb3eeb7bf7372daabf2d,160.0,15,15,15,15,4.1
103,11,True,S103/S103R11.edf,0d6426287419f30577f49cd759d77dfb2720c84007f5942b0bc9e0f12367323f,160.0,15,15,15,15,4.1
103,12,True,S103/S103R12.edf,96ea0eb56fb4470b1be09516ccd0561b857748abed9c6afd5302b24c32430aca,160.0,15,15,15,15,4.1
104,3,True,S104/S104R03.edf,e74ac8759624fad7c5059fd925d458f2952b893513381c86818619027e698ca9,160.0,15,15,15,15,4.1
104,4,True,S104/S104R04.edf,21f1d57c977b6dd8e9d3e1a5893431cf4bf0a142c850e273cb34f7e0864dedab,160.0,15,15,15,15,4.1
104,7,True,S104/S104R07.edf,ab366eaa999f517e5b23ca8021d7cf28f6ee29d68a165ee4a6e95775663c2ded,160.0,15,15,15,15,4.1
104,8,True,S104/S104R08.edf,505ca2e90c3476a945714776461c10ce6112ad70b5893b2ac80722b56d26693f,160.0,13,12,12,12,2.975
104,11,True,S104/S104R11.edf,d0a943d736737361dea98c5585d63a7bc1b1a4d1130fb43fa43255426ba73b96,160.0,15,15,15,15,4.1
104,12,True,S104/S104R12.edf,541340f418003d02928cfd51baeead5dcf82a405bc6dc20499e129d43dd8e8d2,160.0,15,15,15,15,4.1
105,3,True,S105/S105R03.edf,b04097ea13899d9139a25b8a109d83b78f45aebdd7145610d1abb74ab1302f4a,160.0,15,15,15,15,4.1
105,4,True,S105/S105R04.edf,218e3e8ba2bc171a3c6dd5891e6cd604c8fec4f32fe2d4c274732ef880264180,160.0,15,15,15,15,4.1
105,7,True,S105/S105R07.edf,dd475e1a162d6665cca22cfe293d45874b84a017007ca845300fb205ace24424,160.0,15,15,15,15,4.1
105,8,True,S105/S105R08.edf,52bca66d6e03db2c45e6cf560f54d13abe113ad3fca5396ac4c6fda7796e36c1,160.0,15,15,15,15,4.1
105,11,True,S105/S105R11.edf,1275ff3237fa4bfc006b5e296d6a77a2d65c9b1045451b1485f2837d5ba189d3,160.0,15,15,15,15,4.1
105,12,True,S105/S105R12.edf,926fe3afca0077495884cbd67a09761d0a7cbb956c37dc7c140165798b510891,160.0,15,15,15,15,4.1
106,3,True,S106/S106R03.edf,603e54496f1e7f21a673e23dc91e304320f7d49d31139369f1232892c4c2ea89,160.0,15,15,15,15,4.1
106,4,True,S106/S106R04.edf,7d7599596aacb4635049041a26635e1e14b6b96437a3304701a2a3d7f7cc8c05,160.0,15,15,15,15,4.1
106,7,True,S106/S106R07.edf,4cf953b4b5eff90f64667556cf5bf5c7185bb9c013cc8f00a0222fbab852faa8,160.0,15,15,15,15,4.1
106,8,True,S106/S106R08.edf,e75bafd408f19d7c04d86479a414c0cc29be39150f20b9e676dfb40843f34792,160.0,15,15,15,15,4.1
106,11,True,S106/S106R11.edf,b3819655e3af2c063091ee1df642fef4205268cbe1692d64f91a37393a8e6e56,160.0,15,15,15,15,4.1
106,12,True,S106/S106R12.edf,1ea2b9ed0d8f02557b21bee5b70514b641e68321b3363cc3325b942832005a99,160.0,15,15,15,15,4.1
107,3,True,S107/S107R03.edf,90826bec34861d168306758314750e1ff80a09684b25f2b15f393840e8558b8c,160.0,15,15,15,15,4.1
107,4,True,S107/S107R04.edf,7a4eb02e295694a920cc1db2b57bce8024b131dbbd1960310f4c5ac78d614371,160.0,15,15,15,15,4.1
107,7,True,S107/S107R07.edf,1e0c4ce1cc9b901c3478bffa5bfd97010755ab3c61a598e193fe44364de61dd0,160.0,15,15,15,15,4.1
107,8,True,S107/S107R08.edf,0561cb71fa613df859d632d315cd694a686a0d871ee6661d645bc7e9355a6f0b,160.0,15,15,15,15,4.1
107,11,True,S107/S107R11.edf,8af14cd3527fa03c48ac9093a61310dcc562af7366867b65f4fbd1d75d53d520,160.0,15,15,15,15,4.1
107,12,True,S107/S107R12.edf,1f61ae883dcb0973b8aae174b588eb352e3d55cd32006cd3a083bf019ece19a9,160.0,15,15,15,15,4.1
108,3,True,S108/S108R03.edf,ebe6c07ca779b1226b3dc11ee2d46877fd5d3a94d1fe9f97fa5c2161f16cbade,160.0,15,15,15,15,4.1
108,4,True,S108/S108R04.edf,7c56ee104d1b080834992d79fcfdf9f995965f0a416a66fed454784486d97d40,160.0,15,15,15,15,4.1
108,7,True,S108/S108R07.edf,53f4d5dcaa3e7acbee5762e68d7d3552954df9f4e46c5cc232c2cbb794c3deb8,160.0,15,15,15,15,4.1
108,8,True,S108/S108R08.edf,472179c1c0efd3662cbd47ae8ab1be2aef9ec8db8344c086f79c3ac2cd5b5fd3,160.0,15,15,15,15,4.1
108,11,True,S108/S108R11.edf,7826876fcdac9aff4bfcc44cd2417a844673aa3d15a3d14bdc16c86eb6c51e26,160.0,15,15,15,15,4.1
108,12,True,S108/S108R12.edf,424aa46e174d38f3395647a591c20aedcecf29989f98a6006a77502af9a2add7,160.0,15,15,15,15,4.1
109,3,True,S109/S109R03.edf,e2adb0517ec78e1ea79e6dbc7aba14f16b56243b8dafe630ad57deec29b79d34,160.0,15,15,15,15,4.1
109,4,True,S109/S109R04.edf,c267b8aa26c70924fc9cb9fc8596b351a83894490bab95325f738d68829aab3e,160.0,15,15,15,15,4.1
109,7,True,S109/S109R07.edf,2dde459f8e061be6d581880e6fdcd6cfc1109ff7151729d82097fa8ad66ca50b,160.0,15,15,15,15,4.1
109,8,True,S109/S109R08.edf,879f8c8cda430e95bcda881f9cb1ede5e0693c9b83849d659e60082dd3e8706d,160.0,15,15,15,15,4.1
109,11,True,S109/S109R11.edf,7b5859aece6cd7b8d8a732ba372645d6885af1bf29da24a0a27a366dcc92021b,160.0,15,15,15,15,4.1
109,12,True,S109/S109R12.edf,b9f0f477c70ce519595b74c887af790c78c77a7f67279fabc7fba2989ee59782,160.0,15,15,15,15,4.1
