subject,condition,rsec_d3
1,rest,0.0140901951058201
1,imagery,0.0137986731150793
1,execution,0.0148596643518518
2,rest,0.0194129774305555
2,imagery,0.0122365520282186
2,execution,0.0167270516424162
3,rest,0.027048507771164
3,imagery,0.023337639164462
3,execution,0.0268097236000881
4,rest,0.0233761677414021
4,imagery,0.0125456245866402
4,execution,0.0138922474371693
5,rest,0.0105254836309523
5,imagery,0.0132103587962962
5,execution,0.0126803454309964
6,rest,0.0230253802910052
6,imagery,0.0149034632660934
6,execution,0.0178185970568783
7,rest,0.0218117559523809
7,imagery,0.0171328159446649
7,execution,0.0245453559027777
8,rest,0.0286980716765873
8,imagery,0.0196918919477513
8,execution,0.0262488115906084
9,rest,0.0152849599041005
9,imagery,0.0145010575121252
9,execution,0.0129276379243827
10,rest,0.0116020791997354
10,imagery,0.012754543513007
10,execution,0.0149153645833333
11,rest,0.0161766803075396
11,imagery,0.0149279376102292
11,execution,0.0167339237488977
12,rest,0.0193586722883597
12,imagery,0.0229260189318783
12,execution,0.0259800071649029
13,rest,0.0169484230324074
13,imagery,0.0161153652722663
13,execution,0.0167690421075837
14,rest,0.0135785073578042
14,imagery,0.0133430300650352
14,execution,0.0122922522597001
15,rest,0.0157383639219576
15,imagery,0.0150424382716049
15,execution,0.020014450369268
16,rest,0.0302753492890211
16,imagery,0.0256106185240299
16,execution,0.0367419670414462
17,rest,0.0162292286706349
17,imagery,0.019763351521164
17,execution,0.0211383756338183
18,rest,0.0466041459986772
18,imagery,0.0278560577876984
18,execution,0.0300662064594356
19,rest,0.0236596808862433
19,imagery,0.0127678915895061
19,execution,0.0219703138778659
20,rest,0.0142062458664021
20,imagery,0.0154392636684303
20,execution,0.0225485869984567
21,rest,0.0348814690806878
21,imagery,0.0327825830853174
21,execution,0.0325556141148589
22,rest,0.0256391059027777
22,imagery,0.0178440875771604
22,execution,0.0179206797012786
23,rest,0.0194112723214285
23,imagery,0.0230492862654321
23,execution,0.0222851390266754
24,rest,0.0409110966435185
24,imagery,0.0133600811563051
24,execution,0.0212107135967813
25,rest,0.0156862289186507
25,imagery,0.0108384142140652
25,execution,0.0124398044808201
26,rest,0.0320840050429894
26,imagery,0.0283880518353174
26,execution,0.0314714230599647
27,rest,0.0134178654100529
27,imagery,0.0156683338844797
27,execution,0.0187465208884479
28,rest,0.0167601376488095
28,imagery,0.0150613494819223
28,execution,0.0170717764825837
29,rest,0.0200527033730158
29,imagery,0.0131155616181657
29,execution,0.0150021529155643
30,rest,0.0352219742063492
30,imagery,0.024203869047619
30,execution,0.0388583863811728
31,rest,0.0192048507771164
31,imagery,0.0153071952160493
31,execution,0.0169633384314373
32,rest,0.0131249483300264
32,imagery,0.0137331555886243
32,execution,0.0285324866347001
33,rest,0.0181059854497354
33,imagery,0.0214480165619488
33,execution,0.0243037298831569
34,rest,0.0099207899305555
34,imagery,0.0162314332561728
34,execution,0.0124525669642857
35,rest,0.0208601500496031
35,imagery,0.018365799300044
35,execution,0.0199154506999559
36,rest,0.0217143580522486
36,imagery,0.0209440448633156
36,execution,0.0187553564539241
37,rest,0.0195458209325396
37,imagery,0.01526313795194
37,execution,0.0172659350198412
38,rest,0.011661396329365
38,imagery,0.0091745549492945
38,execution,0.0108545180224867
39,rest,0.0135588210978835
39,imagery,0.0114875096450617
39,execution,0.0152617428626543
40,rest,0.0138778315145502
40,imagery,0.0089783640597442
40,execution,0.0110921826774691
41,rest,0.0227047681051587
41,imagery,0.0190227141203703
41,execution,0.0232368827160493
42,rest,0.0162530485284391
42,imagery,0.0142657868992504
42,execution,0.0166880235890652
43,rest,0.0182228629298941
43,imagery,0.0174057367449294
43,execution,0.0203753823578042
44,rest,0.0238594886739417
44,imagery,0.0234456638558201
44,execution,0.0236955398478835
45,rest,0.0262442129629629
45,imagery,0.0266869212962962
45,execution,0.0320591173390652
46,rest,0.0169298218419312
46,imagery,0.0141963941247795
46,execution,0.0308057760141093
47,rest,0.0337478815310846
47,imagery,0.0241049899415784
47,execution,0.0246038807594797
48,rest,0.0120315600198412
48,imagery,0.0135379292052469
48,execution,0.0232068969080687
49,rest,0.0148075293485449
49,imagery,0.0145323350694444
49,execution,0.0134439931933421
50,rest,0.0268284453538359
50,imagery,0.0148771804728836
50,execution,0.0203931396053791
51,rest,0.037034763558201
51,imagery,0.0303300850143298
51,execution,0.0285508122519841
52,rest,0.0108340050429894
52,imagery,0.0124394083443562
52,execution,0.0134041384204144
53,rest,0.0236713583002645
53,imagery,0.0249300560791446
53,execution,0.025828441909171
54,rest,0.0234392567791005
54,imagery,0.018428371638007
54,execution,0.0237428006503527
55,rest,0.0324586123511904
55,imagery,0.0334572034832451
55,execution,0.0390331342317019
56,rest,0.014946056547619
56,imagery,0.0145272541887125
56,execution,0.0148849137455908
57,rest,0.0112767133763227
57,imagery,0.0120428412973985
57,execution,0.0150227520116843
58,rest,0.0105358176256613
58,imagery,0.0125463824129188
58,execution,0.0144363150352733
59,rest,0.0119816468253968
59,imagery,0.0175046675209435
59,execution,0.02056072255291
60,rest,0.0152945705191798
60,imagery,0.01840251942791
60,execution,0.0206406387786596
61,rest,0.0265156353339947
61,imagery,0.0251042011133157
61,execution,0.026814132771164
62,rest,0.0255475983796296
62,imagery,0.0292736407352292
62,execution,0.0318674561838624
63,rest,0.0190143952546296
63,imagery,0.0157626832561728
63,execution,0.0177910569609788
64,rest,0.0270742910879629
64,imagery,0.0242936542383156
64,execution,0.0221649718915343
65,rest,0.0143487516534391
65,imagery,0.0126611414241622
65,execution,0.0159729972718253
66,rest,0.0212782118055555
66,imagery,0.0210965401785714
66,execution,0.017763740768298
67,rest,0.0203557994378306
67,imagery,0.0108443907076719
67,execution,0.0157529004078483
68,rest,0.0120157490079365
68,imagery,0.013465660135582
68,execution,0.0191807553461199
69,rest,0.0130074508101851
69,imagery,0.0146318686618165
69,execution,0.0164800863921957
70,rest,0.0319999896660052
70,imagery,0.0289822737544091
70,execution,0.0285533957506613
71,rest,0.0444289434523809
71,imagery,0.0225968295304232
71,execution,0.0226932284777336
72,rest,0.0170536230985449
72,imagery,0.01544815090388
72,execution,0.0221070154045414
73,rest,0.0273803323412698
73,imagery,0.0207261181382275
73,execution,0.0249579750881834
74,rest,0.012870628720238
74,imagery,0.0132050195656966
74,execution,0.0138506531084656
75,rest,0.0121182105654761
75,imagery,0.0175663442460317
75,execution,0.0176673418209876
76,rest,0.0214646887400793
76,imagery,0.0166319444444444
76,execution,0.0206255855930335
77,rest,0.0141621713789682
77,imagery,0.0170189525462962
77,execution,0.0202412471064814
78,rest,0.0183385003306878
78,imagery,0.0169621500220458
78,execution,0.0182379161155202
79,rest,0.0106197296626984
79,imagery,0.0169391913304673
79,execution,0.0160538091104497
80,rest,0.0103906249999999
80,imagery,0.0136732356426366
80,execution,0.0140749869102733
81,rest,0.0426818266369047
81,imagery,0.0296330054012345
81,execution,0.028559940613977
82,rest,0.0143885892030423
82,imagery,0.0146245487488977
82,execution,0.0154175967261904
83,rest,0.0094190744874338
83,imagery,0.0122016059027777
83,execution,0.0140297756834215
84,rest,0.0073804356812169
84,imagery,0.0094988701499118
84,execution,0.0118764984292328
85,rest,0.0151633804563492
85,imagery,0.0115013744212962
85,execution,0.0173921819885361
86,rest,0.0214579716435185
86,imagery,0.0403765018738977
86,execution,0.0263666019069664
87,rest,0.0145622519841269
87,imagery,0.0132895344190917
87,execution,0.0140028556272045
89,rest,0.0204967034556878
89,imagery,0.0220845217427248
89,execution,0.0158941955939026
90,rest,0.027914806547619
90,imagery,0.0254647541887125
90,execution,0.0246799389605379
91,rest,0.0384479890046296
91,imagery,0.0399941785163139
91,execution,0.0367989934689153
93,rest,0.0145343501984126
93,imagery,0.0131576381999559
93,execution,0.0153946035879629
94,rest,0.0240566612929894
94,imagery,0.0153453621031746
94,execution,0.018381885885141
95,rest,0.0184153852513227
95,imagery,0.0194404141865079
95,execution,0.0203298611111111
96,rest,0.0343433263062169
96,imagery,0.0250125041335978
96,execution,0.0248350349977954
97,rest,0.0210936983300264
97,imagery,0.0242014233355379
97,execution,0.0223198095789241
98,rest,0.0111650028935185
98,imagery,0.014236645034171
98,execution,0.0140226280037477
99,rest,0.0230819072420634
99,imagery,0.021023117146164
99,execution,0.0193312527557319
101,rest,0.0093465815145502
101,imagery,0.0110678633432539
101,execution,0.0125081121858465
102,rest,0.0188238880621693
102,imagery,0.0217243131338183
102,execution,0.0227956728119488
103,rest,0.0151592468584656
103,imagery,0.0168698330026455
103,execution,0.0199100597993827
104,rest,0.0259393601190476
104,imagery,0.0125508026561318
104,execution,0.0165461895116843
105,rest,0.0153899532903439
105,imagery,0.0198063581624779
105,execution,0.0273645041060405
106,rest,0.0183897052744709
106,imagery,0.0145354008212081
106,execution,0.014977024085097
107,rest,0.0214988942625661
107,imagery,0.0211874448853615
107,execution,0.0215256076388888
108,rest,0.0487563037367724
108,imagery,0.0241358369157848
108,execution,0.0274263875110229
109,rest,0.0135267857142857
109,imagery,0.0127358217592592
109,execution,0.0128511146935626
88,execution,0.0261555581662489
88,imagery,0.0248500347004664
88,rest,0.0360612495866402
92,execution,0.0145183651402812
92,imagery,0.0150882985458437
92,rest,0.016942791005291
100,execution,0.0199692176132605
100,imagery,0.0181279365768298
100,rest,0.0102034763558201
