cohort,contrast,mean_first,mean_second,n,mean_delta,median_delta,dz,p,ci_low,ci_high,n_decrease,n_increase,n_equal,p_holm_within3,p_holm_all15
A_original106_160Hz,imagery-rest,0.018230354043122923,0.020488806723881852,106,-0.0022584526807589286,-0.001040900228725751,-0.35401220564874497,0.0014794698640171469,-0.0034884036008878887,-0.0010945836779623034,66,40,0,0.0029589397280342937,0.011579082584427846
A_original106_160Hz,execution-rest,0.020487191746611844,0.020488806723881852,106,-1.6149772700102173e-06,0.0003733069472001485,-0.00025454480735900793,0.36651720620030326,-0.0012271833847565796,0.0011392561659726694,49,57,0,0.36651720620030326,1.0
A_original106_160Hz,imagery-execution,0.018230354043122923,0.020487191746611844,106,-0.002256837703488919,-0.0018674045138888998,-0.5688545135987342,8.016083848109271e-10,-0.003025674672613387,-0.0014909209024668376,84,22,0,2.4048251544327815e-09,8.817692232920198e-09
B_original105_without89_160Hz,imagery-rest,0.018193647684079092,0.020488731516912273,105,-0.0022950838328331764,-0.001248742697310401,-0.35866419849614756,0.001195436048731521,-0.0035347667987051107,-0.001094005688454008,66,39,0,0.002390872097463042,0.011579082584427846
B_original105_without89_160Hz,execution-rest,0.020530934567113832,0.020488731516912273,105,4.220305020156293e-05,0.00043497506062609853,0.006636886183085046,0.3116383134030095,-0.00117015758439757,0.001208433327034521,48,57,0,0.3116383134030095,1.0
B_original105_without89_160Hz,imagery-execution,0.018193647684079092,0.020530934567113832,105,-0.0023372868830347387,-0.0018865912973985988,-0.5995315560923995,1.9752865833483977e-10,-0.0031009837637828806,-0.0015876594537141042,84,21,0,5.925859750045193e-10,2.7654012166877567e-09
C_all109_160Hz,imagery-rest,0.01826131925132266,0.020504780088800245,109,-0.002243460837477595,-0.001248742697310401,-0.34921252809323416,0.0014176179154937304,-0.0034734890844390766,-0.0010819570012186592,68,41,0,0.002835235830987461,0.011579082584427846
C_all109_160Hz,execution-rest,0.020479683174868313,0.020504780088800245,109,-2.509691393194309e-05,0.0003116388337741985,-0.003920397617380826,0.41520643411147873,-0.0012733857300173987,0.0011377870857017108,51,58,0,0.41520643411147873,1.0
C_all109_160Hz,imagery-execution,0.01826131925132266,0.020479683174868313,109,-0.0022183639235456524,-0.001841281036430699,-0.5655665877354751,4.773291496686227e-10,-0.002957431524570421,-0.0014890455994108513,86,23,0,1.4319874490058682e-09,5.727949796023473e-09
D_108_without89_160Hz,imagery-rest,0.01822591922825412,0.02050485487244018,108,-0.0022789356441860636,-0.0012607301311728008,-0.3536765850595684,0.0011579082584427846,-0.0035168510191357655,-0.0011108869945493345,68,40,0,0.002315816516885569,0.011579082584427846
D_108_without89_160Hz,execution-rest,0.020522141393210586,0.02050485487244018,108,1.7286520770401988e-05,0.0003733069472001485,0.0026942469270616193,0.3578118030439503,-0.0012367011531362409,0.0012009991665291693,50,58,0,0.3578118030439503,1.0
D_108_without89_160Hz,imagery-execution,0.01822591922825412,0.020522141393210586,108,-0.0022962221649564657,-0.0018447493834049498,-0.5956305690432389,1.1718960230816808e-10,-0.0030165470687657553,-0.0015866837159050845,86,22,0,3.5156880692450426e-10,1.7578440346225212e-09
E_all109_128Hz,imagery-rest,0.01820878888275222,0.02043280156397894,109,-0.002224012681226717,-0.0012025540467923007,-0.3475278099472808,0.001509243840883486,-0.003450212234858883,-0.0010707642097644856,68,41,0,0.003018487681766972,0.011579082584427846
E_all109_128Hz,execution-rest,0.02044083214614513,0.02043280156397894,109,8.03058216618985e-06,0.0005500053392306012,0.001261265913912376,0.3716589607469418,-0.0012331852935843874,0.0011662317973172545,51,58,0,0.3716589607469418,1.0
E_all109_128Hz,imagery-execution,0.01820878888275222,0.02044083214614513,109,-0.0022320432633929064,-0.0018485740379050979,-0.5713993151047908,2.938987223831288e-10,-0.0029685605591907075,-0.001502552704061787,86,23,0,8.816961671493865e-10,3.820683390980675e-09
