subject,rest,task,mode,delta_task_minus_rest,percent_change
1,0.0140901951058201,0.0137986731150793,Imagery,-0.00029152199074080135,-2.0689705752930645
2,0.0194129774305555,0.0122365520282186,Imagery,-0.007176425402336898,-36.96715471909734
3,0.027048507771164,0.023337639164462,Imagery,-0.0037108686067020002,-13.719309908319971
4,0.0233761677414021,0.0125456245866402,Imagery,-0.0108305431547619,-46.331559880021146
5,0.0105254836309523,0.0132103587962962,Imagery,0.0026848751653439,25.508330633363816
6,0.0230253802910052,0.0149034632660934,Imagery,-0.008121917024911801,-35.27375844508681
7,0.0218117559523809,0.0171328159446649,Imagery,-0.0046789400077159975,-21.451459561215476
8,0.0286980716765873,0.0196918919477513,Imagery,-0.009006179728835998,-31.38252573319585
9,0.0152849599041005,0.0145010575121252,Imagery,-0.0007839023919753007,-5.12858651179715
10,0.0116020791997354,0.012754543513007,Imagery,0.0011524643132716002,9.933256732964585
11,0.0161766803075396,0.0149279376102292,Imagery,-0.001248742697310401,-7.719400232743606
12,0.0193586722883597,0.0229260189318783,Imagery,0.0035673466435185985,18.427641061229345
13,0.0169484230324074,0.0161153652722663,Imagery,-0.000833057760141101,-4.915252342640938
14,0.0135785073578042,0.0133430300650352,Imagery,-0.00023547729276899958,-1.7341912963184414
15,0.0157383639219576,0.0150424382716049,Imagery,-0.0006959256503526988,-4.421842408801898
16,0.0302753492890211,0.0256106185240299,Imagery,-0.004664730764991198,-15.40768603678106
17,0.0162292286706349,0.019763351521164,Imagery,0.003534122850529099,21.77628353295512
18,0.0466041459986772,0.0278560577876984,Imagery,-0.018748088210978803,-40.2283698354025
19,0.0236596808862433,0.0127678915895061,Imagery,-0.0108917892967372,-46.035233311494615
20,0.0142062458664021,0.0154392636684303,Imagery,0.0012330178020282002,8.679406323272909
21,0.0348814690806878,0.0327825830853174,Imagery,-0.002098885995370399,-6.0171949481693465
22,0.0256391059027777,0.0178440875771604,Imagery,-0.007795018325617298,-30.402847724782784
23,0.0194112723214285,0.0230492862654321,Imagery,0.0036380139440036,18.741759343551745
24,0.0409110966435185,0.0133600811563051,Imagery,-0.027551015487213403,-67.34362495163833
25,0.0156862289186507,0.0108384142140652,Imagery,-0.0048478147045855,-30.904908564871945
26,0.0320840050429894,0.0283880518353174,Imagery,-0.003695953207672003,-11.51961297450175
27,0.0134178654100529,0.0156683338844797,Imagery,0.0022504684744268,16.772179520750818
28,0.0167601376488095,0.0150613494819224,Imagery,-0.001698788166887101,-10.135884337487937
29,0.0200527033730158,0.0131155616181657,Imagery,-0.0069371417548501,-34.59454631032523
30,0.0352219742063492,0.024203869047619,Imagery,-0.0110181051587302,-31.2819068408268
31,0.0192048507771164,0.0153071952160493,Imagery,-0.0038976555610671006,-20.29516191665162
32,0.0131249483300264,0.0137331555886243,Imagery,0.0006082072585979013,4.63397830836777
33,0.0181059854497354,0.0214480165619488,Imagery,0.0033420311122134005,18.45815640077321
34,0.0099207899305555,0.0162314332561728,Imagery,0.006310643325617302,63.61029081142883
35,0.0208601500496031,0.018365799300044,Imagery,-0.0024943507495591016,-11.957491885858035
36,0.0217143580522486,0.0209440448633156,Imagery,-0.0007703131889329994,-3.547483131113013
37,0.0195458209325396,0.01526313795194,Imagery,-0.004282682980599599,-21.910990566120713
38,0.011661396329365,0.0091745549492945,Imagery,-0.0024868413800704994,-21.32541686974733
39,0.0135588210978835,0.0114875096450617,Imagery,-0.0020713114528218,-15.276486339547079
40,0.0138778315145502,0.0089783640597442,Imagery,-0.0048994674548059995,-35.304272498690864
41,0.0227047681051587,0.0190227141203703,Imagery,-0.0036820539847884012,-16.21709575598709
42,0.0162530485284391,0.0142657868992504,Imagery,-0.0019872616291887,-12.227008525271112
43,0.0182228629298941,0.0174057367449294,Imagery,-0.0008171261849646977,-4.4840714003518345
44,0.0238594886739417,0.0234456638558201,Imagery,-0.0004138248181215984,-1.734424504132647
45,0.0262442129629629,0.0266869212962962,Imagery,0.0004427083333333019,1.6868798235941511
46,0.0169298218419312,0.0141963941247795,Imagery,-0.002733427717151699,-16.14563781398833
47,0.0337478815310846,0.0241049899415784,Imagery,-0.009642891589506201,-28.573324167397878
48,0.0120315600198412,0.0135379292052469,Imagery,0.0015063691854057,12.52014853370263
49,0.0148075293485449,0.0145323350694444,Imagery,-0.0002751942791004991,-1.8584753244304175
50,0.0268284453538359,0.0148771804728835,Imagery,-0.011951264880952401,-44.54699004481683
51,0.037034763558201,0.0303300850143298,Imagery,-0.006704678543871197,-18.103743347340767
52,0.0108340050429894,0.0124394083443562,Imagery,0.0016054033013668013,14.818188610735836
53,0.0236713583002645,0.0249300560791446,Imagery,0.001258697778880099,5.317387210796579
54,0.0234392567791005,0.018428371638007,Imagery,-0.005010885141093501,-21.37817418153562
55,0.0324586123511904,0.0334572034832451,Imagery,0.0009985911320547006,3.0765059246843554
56,0.014946056547619,0.0145272541887125,Imagery,-0.0004188023589064994,-2.802092696305349
57,0.0112767133763227,0.0120428412973985,Imagery,0.0007661279210758008,6.793893712723172
58,0.0105358176256613,0.0125463824129188,Imagery,0.0020105647872575,19.083139616620908
59,0.0119816468253968,0.0175046675209435,Imagery,0.005523020695546702,46.09567262356521
60,0.0152945705191798,0.01840251942791,Imagery,0.0031079489087302015,20.32060269252249
61,0.0265156353339947,0.0251042011133156,Imagery,-0.0014114342206790996,-5.323026217929438
62,0.0255475983796296,0.0292736407352292,Imagery,0.0037260423555996007,14.584706946742063
63,0.0190143952546296,0.0157626832561728,Imagery,-0.0032517119984567973,-17.10131694914186
64,0.0270742910879629,0.0242936542383157,Imagery,-0.002780636849647203,-10.270395781049501
65,0.0143487516534391,0.0126611414241622,Imagery,-0.0016876102292769004,-11.761373184491733
66,0.0212782118055555,0.0210965401785714,Imagery,-0.0001816716269840979,-0.8537917971878891
67,0.0203557994378306,0.0108443907076719,Imagery,-0.0095114087301587,-46.7257931048488
68,0.0120157490079365,0.013465660135582,Imagery,0.0014499111276455,12.066756110566407
69,0.0130074508101851,0.0146318686618165,Imagery,0.0016244178516314003,12.488364363903248
70,0.0319999896660052,0.0289822737544091,Imagery,-0.0030177159115961014,-9.43036526915487
71,0.0444289434523809,0.0225968295304232,Imagery,-0.0218321139219577,-49.13939478519771
72,0.0170536230985449,0.01544815090388,Imagery,-0.001605472194664899,-9.41425869088127
73,0.0273803323412698,0.0207261181382275,Imagery,-0.0066542142030423,-24.30289786151552
74,0.012870628720238,0.0132050195656966,Imagery,0.0003343908454586011,2.598092546425484
75,0.0121182105654761,0.0175663442460317,Imagery,0.005448133680555599,44.95823579825338
76,0.0214646887400793,0.0166319444444444,Imagery,-0.0048327442956348984,-22.51485849226922
77,0.0141621713789682,0.0170189525462962,Imagery,0.0028567811673279996,20.171914961928202
78,0.0183385003306878,0.0169621500220458,Imagery,-0.0013763503086419993,-7.505250068560967
79,0.0106197296626984,0.0169391913304673,Imagery,0.006319461667768899,59.506803548548795
80,0.0103906249999999,0.0136732356426366,Imagery,0.003282610642636701,31.592042275000132
81,0.0426818266369047,0.0296330054012345,Imagery,-0.0130488212356702,-30.57231206779604
82,0.0143885892030423,0.0146245487488977,Imagery,0.00023595954585539994,1.6399074469754757
83,0.0094190744874338,0.0122016059027777,Imagery,0.002782531415343901,29.54145249680464
84,0.0073804356812169,0.0094988701499118,Imagery,0.0021184344686948995,28.703379586198196
85,0.0151633804563492,0.0115013744212962,Imagery,-0.003662006035053001,-24.150327465533245
86,0.0214579716435185,0.0403765018738977,Imagery,0.018918530230379198,88.16551044373126
87,0.0145622519841269,0.0132895344190917,Imagery,-0.0012727175650352005,-8.739840283099648
89,0.0204967034556878,0.0220845217427248,Imagery,0.0015878182870369996,7.7467007827367595
90,0.027914806547619,0.0254647541887125,Imagery,-0.0024500523589064994,-8.776891771494212
91,0.0384479890046296,0.0399941785163139,Imagery,0.0015461895116843025,4.0215094513737055
93,0.0145343501984127,0.0131576381999559,Imagery,-0.001376711998456799,-9.472126236556143
94,0.0240566612929894,0.0153453621031746,Imagery,-0.0087112991898148,-36.211588481538165
95,0.0184153852513227,0.0194404141865079,Imagery,0.0010250289351851974,5.566155262006119
96,0.0343433263062169,0.0250125041335978,Imagery,-0.009330822172619099,-27.169244147821566
97,0.0210936983300264,0.0242014233355379,Imagery,0.0031077250055114997,14.732954633601278
98,0.0111650028935185,0.014236645034171,Imagery,0.0030716421406524995,27.51134209231282
99,0.0230819072420634,0.021023117146164,Imagery,-0.002058790095899401,-8.91949731150274
101,0.0093465815145502,0.0110678633432539,Imagery,0.0017212818287036993,18.416164519874037
102,0.0188238880621693,0.0217243131338183,Imagery,0.0029004250716489974,15.40821461575748
103,0.0151592468584656,0.0168698330026455,Imagery,0.001710586144179899,11.284110352913945
104,0.0259393601190476,0.0125508026561318,Imagery,-0.0133885574629158,-51.61483321666217
105,0.0153899532903439,0.0198063581624779,Imagery,0.004416404872133999,28.696674959403413
106,0.0183897052744709,0.0145354008212081,Imagery,-0.0038543044532628,-20.95903330551715
107,0.0214988942625661,0.0211874448853615,Imagery,-0.00031144937720459925,-1.448676259350209
108,0.0487563037367724,0.0241358369157848,Imagery,-0.0246204668209876,-50.49699204826851
109,0.0135267857142857,0.0127358217592592,Imagery,-0.0007909639550264993,-5.847390294585348
1,0.0140901951058201,0.0148596643518518,Execution,0.0007694692460316985,5.46102619767033
2,0.0194129774305555,0.0167270516424162,Execution,-0.002685925788139299,-13.835723024700604
3,0.027048507771164,0.0268097236000881,Execution,-0.0002387841710758988,-0.8827997947097952
4,0.0233761677414021,0.0138922474371693,Execution,-0.009483920304232799,-40.57089429348847
5,0.0105254836309523,0.0126803454309964,Execution,0.0021548618000440996,20.472805579282795
6,0.0230253802910052,0.0178185970568783,Execution,-0.0052067832341269014,-22.61323447570122
7,0.0218117559523809,0.0245453559027777,Execution,0.0027335999503968027,12.53269088634935
8,0.0286980716765873,0.0262488115906084,Execution,-0.0024492600859788993,-8.534580697897814
9,0.0152849599041005,0.0129276379243827,Execution,-0.0023573219797178007,-15.422493709554328
10,0.0116020791997354,0.0149153645833333,Execution,0.003313285383597901,28.55768631258322
11,0.0161766803075396,0.0167339237488977,Execution,0.0005572434413580983,3.444732978362558
12,0.0193586722883597,0.0259800071649029,Execution,0.006621334876543199,34.20345557750148
13,0.0169484230324074,0.0167690421075837,Execution,-0.00017938092482370008,-1.05839301084651
14,0.0135785073578042,0.0122922522597001,Execution,-0.0012862550981040995,-9.472728218281143
15,0.0157383639219576,0.020014450369268,Execution,0.004276086447310402,27.16982825225283
16,0.0302753492890211,0.0367419670414462,Execution,0.006466617752425102,21.35934978220094
17,0.0162292286706349,0.0211383756338183,Execution,0.004909146963183401,30.248800253002727
18,0.0466041459986772,0.0300662064594356,Execution,-0.016537939539241604,-35.48598345673153
19,0.0236596808862433,0.0219703138778659,Execution,-0.0016893670083774001,-7.140278081094774
20,0.0142062458664021,0.0225485869984567,Execution,0.008342341132054601,58.72305189215621
21,0.0348814690806878,0.0325556141148589,Execution,-0.002325854965828905,-6.667881333921855
22,0.0256391059027777,0.0179206797012786,Execution,-0.007718426201499099,-30.104116074745406
23,0.0194112723214285,0.0222851390266754,Execution,0.0028738667052469018,14.805143411822531
24,0.0409110966435185,0.0212107135967813,Execution,-0.019700383046737203,-48.15413094006687
25,0.0156862289186507,0.0124398044808201,Execution,-0.003246424437830601,-20.696015942816246
26,0.0320840050429894,0.0314714230599647,Execution,-0.0006125819830247042,-1.909306466583286
27,0.0134178654100529,0.0187465208884479,Execution,0.0053286554783950005,39.71313853247237
28,0.0167601376488095,0.0170717764825837,Execution,0.0003116388337741985,1.8594049780750739
29,0.0200527033730158,0.0150021529155643,Execution,-0.005050550457451501,-25.1863819231867
30,0.0352219742063492,0.0388583863811728,Execution,0.0036364121748236056,10.324271301544753
31,0.0192048507771164,0.0169633384314373,Execution,-0.002241512345679101,-11.671594701219869
32,0.0131249483300264,0.0285324866347001,Execution,0.015407538304673701,117.39123017669594
33,0.0181059854497354,0.0243037298831569,Execution,0.006197744433421502,34.23036238832322
34,0.0099207899305555,0.0124525669642857,Execution,0.0025317770337302,25.51991375134819
35,0.0208601500496031,0.0199154506999559,Execution,-0.0009446993496472003,-4.52872748949941
36,0.0217143580522486,0.0187553564539241,Execution,-0.0029590015983245004,-13.626935648774959
37,0.0195458209325396,0.0172659350198412,Execution,-0.0022798859126983984,-11.664313924532468
38,0.011661396329365,0.0108545180224867,Execution,-0.0008068783068782993,-6.91922548628648
39,0.0135588210978835,0.0152617428626543,Execution,0.0017029217647708001,12.559512014187002
40,0.0138778315145502,0.0110921826774691,Execution,-0.002785648837081099,-20.072652086606528
41,0.0227047681051587,0.0232368827160493,Execution,0.0005321146108905987,2.3436249532524323
42,0.0162530485284391,0.0166880235890652,Execution,0.00043497506062609853,2.6762675313802955
43,0.0182228629298941,0.0203753823578042,Execution,0.0021525194279101018,11.812191290639374
44,0.0238594886739417,0.0236955398478835,Execution,-0.0001639488260581981,-0.6871430829833999
45,0.0262442129629629,0.0320591173390652,Execution,0.005814904376102298,22.156901349293925
46,0.0169298218419312,0.0308057760141093,Execution,0.013875954172178101,81.96160775780059
47,0.0337478815310846,0.0246038807594797,Execution,-0.0091440007716049,-27.095036360082386
48,0.0120315600198412,0.0232068969080687,Execution,0.011175336888227501,92.88352358130031
49,0.0148075293485449,0.0134439931933421,Execution,-0.0013635361552027988,-9.20839745177875
50,0.0268284453538359,0.0203931396053791,Execution,-0.006435305748456802,-23.986875361515086
51,0.037034763558201,0.0285508122519841,Execution,-0.008483951306216899,-22.908074714407643
52,0.0108340050429894,0.0134041384204144,Execution,0.0025701333774250015,23.722837189263767
53,0.0236713583002645,0.025828441909171,Execution,0.0021570836089064988,9.112631313947015
54,0.0234392567791005,0.0237428006503527,Execution,0.0003035438712521987,1.295023447683939
55,0.0324586123511904,0.0390331342317019,Execution,0.006574521880511497,20.255092267585432
56,0.014946056547619,0.0148849137455908,Execution,-6.11428020281992e-05,-0.4090898614855009
57,0.0112767133763227,0.0150227520116843,Execution,0.0037460386353616003,33.21924137246425
58,0.0105358176256613,0.0144363150352733,Execution,0.003900497409612,37.02130720364646
59,0.0119816468253968,0.02056072255291,Execution,0.0085790757275132,71.60180776926784
60,0.0152945705191798,0.0206406387786596,Execution,0.005346068259479801,34.954026677478055
61,0.0265156353339947,0.026814132771164,Execution,0.0002984974371693025,1.1257412217711795
62,0.0255475983796296,0.0318674561838624,Execution,0.0063198578042328,24.73758084936839
63,0.0190143952546296,0.0177910569609788,Execution,-0.001223338293650799,-6.433748101207385
64,0.0270742910879629,0.0221649718915343,Execution,-0.004909319196428601,-18.132770976268556
65,0.0143487516534391,0.0159729972718253,Execution,0.0016242456183862015,11.319769535469682
66,0.0212782118055555,0.017763740768298,Execution,-0.0035144710372574973,-16.516759346948078
67,0.0203557994378306,0.0157529004078483,Execution,-0.0046028990299822985,-22.612224314943674
68,0.0120157490079365,0.0191807553461199,Execution,0.007165006338183401,59.630126540183696
69,0.0130074508101851,0.0164800863921957,Execution,0.003472635582010601,26.69728014109772
70,0.0319999896660052,0.0285533957506613,Execution,-0.0034465939153439026,-10.77060946368164
71,0.0444289434523809,0.0226932284777336,Execution,-0.021735714974647304,-48.92242147946578
72,0.0170536230985449,0.0221070154045414,Execution,0.005053392305996503,29.63236771913696
73,0.0273803323412698,0.0249579750881834,Execution,-0.0024223572530864025,-8.847070309059887
74,0.012870628720238,0.0138506531084656,Execution,0.0009800243882276006,7.614425134388293
75,0.0121182105654761,0.0176673418209876,Execution,0.0055491312555115,45.791672174112655
76,0.0214646887400793,0.0206255855930335,Execution,-0.0008391031470457999,-3.9092257856924317
77,0.0141621713789682,0.0202412471064814,Execution,0.0060790757275132005,42.92474342275681
78,0.0183385003306878,0.0182379161155202,Execution,-0.0001005842151675998,-0.5484865902545004
79,0.0106197296626984,0.0160538091104497,Execution,0.005434079447751301,51.169658930569604
80,0.0103906249999999,0.0140749869102733,Execution,0.0036843619102734006,35.45852064022555
81,0.0426818266369047,0.028559940613977,Execution,-0.014121886022927702,-33.08641437270929
82,0.0143885892030423,0.0154175967261904,Execution,0.0010290075231480997,7.151552585367632
83,0.0094190744874338,0.0140297756834215,Execution,0.0046107011959877,48.95068196072704
84,0.0073804356812169,0.0118764984292328,Execution,0.0044960627480158995,60.91866310085613
85,0.0151633804563492,0.0173921819885361,Execution,0.0022288015321868995,14.6985795060867
86,0.0214579716435185,0.0263666019069664,Execution,0.0049086302634478995,22.87555573749012
87,0.0145622519841269,0.0140028556272045,Execution,-0.0005593963569223998,-3.8414137973450213
89,0.0204967034556878,0.0155822017609127,Execution,-0.004914501694775102,-23.977034674867856
90,0.027914806547619,0.0246799389605379,Execution,-0.003234867587081098,-11.588357531917113
91,0.0384479890046296,0.0367989934689153,Execution,-0.0016489955357142996,-4.288899311523786
93,0.0145343501984127,0.0153946035879629,Execution,0.0008602533895502012,5.918760576197963
94,0.0240566612929894,0.018381885885141,Execution,-0.005674775407848401,-23.5892060778282
95,0.0184153852513227,0.0203298611111111,Execution,0.001914475859788399,10.396067384204683
96,0.0343433263062169,0.0248350349977954,Execution,-0.009508291308421499,-27.68599413942117
97,0.0210936983300264,0.0223198095789241,Execution,0.0012261112488976995,5.812689788743011
98,0.0111650028935185,0.0140226280037477,Execution,0.0028576251102292,25.594486069395526
99,0.0230819072420634,0.0193312527557319,Execution,-0.0037506544863314985,-16.24932656993127
101,0.0093465815145502,0.0125081121858465,Execution,0.003161530671296299,33.82552932721569
102,0.0188238880621693,0.0227956728119488,Execution,0.003971784749779498,21.099704464146615
103,0.0151592468584656,0.0199100597993827,Execution,0.0047508129409170995,31.33937315800114
104,0.0259393601190476,0.0165461895116843,Execution,-0.009393170607363301,-36.21203670504492
105,0.0153899532903439,0.0273645041060405,Execution,0.011974550815696601,77.80758388142594
106,0.0183897052744709,0.014977024085097,Execution,-0.0034126811893738992,-18.55756325856662
107,0.0214988942625661,0.0215256076388888,Execution,2.671337632270329e-05,0.12425465233910497
108,0.0487563037367724,0.0274263875110229,Execution,-0.0213299162257495,-43.7480173659315
109,0.0135267857142857,0.0128511146935626,Execution,-0.0006756710207230995,-4.995059691154273
