subject,band,condition,available_epochs,selected_epochs,selections
1,broadband,rest,15,15,1
1,broadband,imagery,45,15,20
1,broadband,execution,45,15,20
1,mu,rest,15,15,1
1,mu,imagery,45,15,20
1,mu,execution,45,15,20
1,beta,rest,15,15,1
1,beta,imagery,45,15,20
1,beta,execution,45,15,20
2,broadband,rest,15,15,1
2,broadband,imagery,45,15,20
2,broadband,execution,45,15,20
2,mu,rest,15,15,1
2,mu,imagery,45,15,20
2,mu,execution,45,15,20
2,beta,rest,15,15,1
2,beta,imagery,45,15,20
2,beta,execution,45,15,20
3,broadband,rest,15,15,1
3,broadband,imagery,45,15,20
3,broadband,execution,45,15,20
3,mu,rest,15,15,1
3,mu,imagery,45,15,20
3,mu,execution,45,15,20
3,beta,rest,15,15,1
3,beta,imagery,45,15,20
3,beta,execution,45,15,20
4,broadband,rest,15,15,1
4,broadband,imagery,45,15,20
4,broadband,execution,45,15,20
4,mu,rest,15,15,1
4,mu,imagery,45,15,20
4,mu,execution,45,15,20
4,beta,rest,15,15,1
4,beta,imagery,45,15,20
4,beta,execution,45,15,20
5,broadband,rest,15,15,1
5,broadband,imagery,45,15,20
5,broadband,execution,45,15,20
5,mu,rest,15,15,1
5,mu,imagery,45,15,20
5,mu,execution,45,15,20
5,beta,rest,15,15,1
5,beta,imagery,45,15,20
5,beta,execution,45,15,20
6,broadband,rest,15,15,1
6,broadband,imagery,45,15,20
6,broadband,execution,45,15,20
6,mu,rest,15,15,1
6,mu,imagery,45,15,20
6,mu,execution,45,15,20
6,beta,rest,15,15,1
6,beta,imagery,45,15,20
6,beta,execution,45,15,20
7,broadband,rest,15,15,1
7,broadband,imagery,45,15,20
7,broadband,execution,45,15,20
7,mu,rest,15,15,1
7,mu,imagery,45,15,20
7,mu,execution,45,15,20
7,beta,rest,15,15,1
7,beta,imagery,45,15,20
7,beta,execution,45,15,20
8,broadband,rest,15,15,1
8,broadband,imagery,45,15,20
8,broadband,execution,45,15,20
8,mu,rest,15,15,1
8,mu,imagery,45,15,20
8,mu,execution,45,15,20
8,beta,rest,15,15,1
8,beta,imagery,45,15,20
8,beta,execution,45,15,20
9,broadband,rest,15,15,1
9,broadband,imagery,45,15,20
9,broadband,execution,45,15,20
9,mu,rest,15,15,1
9,mu,imagery,45,15,20
9,mu,execution,45,15,20
9,beta,rest,15,15,1
9,beta,imagery,45,15,20
9,beta,execution,45,15,20
10,broadband,rest,15,15,1
10,broadband,imagery,45,15,20
10,broadband,execution,45,15,20
10,mu,rest,15,15,1
10,mu,imagery,45,15,20
10,mu,execution,45,15,20
10,beta,rest,15,15,1
10,beta,imagery,45,15,20
10,beta,execution,45,15,20
11,broadband,rest,15,15,1
11,broadband,imagery,45,15,20
11,broadband,execution,45,15,20
11,mu,rest,15,15,1
11,mu,imagery,45,15,20
11,mu,execution,45,15,20
11,beta,rest,15,15,1
11,beta,imagery,45,15,20
11,beta,execution,45,15,20
12,broadband,rest,15,15,1
12,broadband,imagery,45,15,20
12,broadband,execution,45,15,20
12,mu,rest,15,15,1
12,mu,imagery,45,15,20
12,mu,execution,45,15,20
12,beta,rest,15,15,1
12,beta,imagery,45,15,20
12,beta,execution,45,15,20
13,broadband,rest,15,15,1
13,broadband,imagery,45,15,20
13,broadband,execution,45,15,20
13,mu,rest,15,15,1
13,mu,imagery,45,15,20
13,mu,execution,45,15,20
13,beta,rest,15,15,1
13,beta,imagery,45,15,20
13,beta,execution,45,15,20
14,broadband,rest,15,15,1
14,broadband,imagery,45,15,20
14,broadband,execution,45,15,20
14,mu,rest,15,15,1
14,mu,imagery,45,15,20
14,mu,execution,45,15,20
14,beta,rest,15,15,1
14,beta,imagery,45,15,20
14,beta,execution,45,15,20
15,broadband,rest,15,15,1
15,broadband,imagery,45,15,20
15,broadband,execution,45,15,20
15,mu,rest,15,15,1
15,mu,imagery,45,15,20
15,mu,execution,45,15,20
15,beta,rest,15,15,1
15,beta,imagery,45,15,20
15,beta,execution,45,15,20
16,broadband,rest,15,15,1
16,broadband,imagery,45,15,20
16,broadband,execution,45,15,20
16,mu,rest,15,15,1
16,mu,imagery,45,15,20
16,mu,execution,45,15,20
16,beta,rest,15,15,1
16,beta,imagery,45,15,20
16,beta,execution,45,15,20
17,broadband,rest,15,15,1
17,broadband,imagery,45,15,20
17,broadband,execution,45,15,20
17,mu,rest,15,15,1
17,mu,imagery,45,15,20
17,mu,execution,45,15,20
17,beta,rest,15,15,1
17,beta,imagery,45,15,20
17,beta,execution,45,15,20
18,broadband,rest,15,15,1
18,broadband,imagery,45,15,20
18,broadband,execution,45,15,20
18,mu,rest,15,15,1
18,mu,imagery,45,15,20
18,mu,execution,45,15,20
18,beta,rest,15,15,1
18,beta,imagery,45,15,20
18,beta,execution,45,15,20
19,broadband,rest,15,15,1
19,broadband,imagery,45,15,20
19,broadband,execution,45,15,20
19,mu,rest,15,15,1
19,mu,imagery,45,15,20
19,mu,execution,45,15,20
19,beta,rest,15,15,1
19,beta,imagery,45,15,20
19,beta,execution,45,15,20
20,broadband,rest,15,15,1
20,broadband,imagery,45,15,20
20,broadband,execution,45,15,20
20,mu,rest,15,15,1
20,mu,imagery,45,15,20
20,mu,execution,45,15,20
20,beta,rest,15,15,1
20,beta,imagery,45,15,20
20,beta,execution,45,15,20
21,broadband,rest,15,15,1
21,broadband,imagery,45,15,20
21,broadband,execution,45,15,20
21,mu,rest,15,15,1
21,mu,imagery,45,15,20
21,mu,execution,45,15,20
21,beta,rest,15,15,1
21,beta,imagery,45,15,20
21,beta,execution,45,15,20
22,broadband,rest,15,15,1
22,broadband,imagery,45,15,20
22,broadband,execution,45,15,20
22,mu,rest,15,15,1
22,mu,imagery,45,15,20
22,mu,execution,45,15,20
22,beta,rest,15,15,1
22,beta,imagery,45,15,20
22,beta,execution,45,15,20
23,broadband,rest,15,15,1
23,broadband,imagery,45,15,20
23,broadband,execution,45,15,20
23,mu,rest,15,15,1
23,mu,imagery,45,15,20
23,mu,execution,45,15,20
23,beta,rest,15,15,1
23,beta,imagery,45,15,20
23,beta,execution,45,15,20
24,broadband,rest,15,15,1
24,broadband,imagery,45,15,20
24,broadband,execution,45,15,20
24,mu,rest,15,15,1
24,mu,imagery,45,15,20
24,mu,execution,45,15,20
24,beta,rest,15,15,1
24,beta,imagery,45,15,20
24,beta,execution,45,15,20
25,broadband,rest,15,15,1
25,broadband,imagery,45,15,20
25,broadband,execution,45,15,20
25,mu,rest,15,15,1
25,mu,imagery,45,15,20
25,mu,execution,45,15,20
25,beta,rest,15,15,1
25,beta,imagery,45,15,20
25,beta,execution,45,15,20
26,broadband,rest,15,15,1
26,broadband,imagery,45,15,20
26,broadband,execution,45,15,20
26,mu,rest,15,15,1
26,mu,imagery,45,15,20
26,mu,execution,45,15,20
26,beta,rest,15,15,1
26,beta,imagery,45,15,20
26,beta,execution,45,15,20
27,broadband,rest,15,15,1
27,broadband,imagery,45,15,20
27,broadband,execution,45,15,20
27,mu,rest,15,15,1
27,mu,imagery,45,15,20
27,mu,execution,45,15,20
27,beta,rest,15,15,1
27,beta,imagery,45,15,20
27,beta,execution,45,15,20
28,broadband,rest,15,15,1
28,broadband,imagery,45,15,20
28,broadband,execution,45,15,20
28,mu,rest,15,15,1
28,mu,imagery,45,15,20
28,mu,execution,45,15,20
28,beta,rest,15,15,1
28,beta,imagery,45,15,20
28,beta,execution,45,15,20
29,broadband,rest,15,15,1
29,broadband,imagery,45,15,20
29,broadband,execution,45,15,20
29,mu,rest,15,15,1
29,mu,imagery,45,15,20
29,mu,execution,45,15,20
29,beta,rest,15,15,1
29,beta,imagery,45,15,20
29,beta,execution,45,15,20
30,broadband,rest,15,15,1
30,broadband,imagery,45,15,20
30,broadband,execution,45,15,20
30,mu,rest,15,15,1
30,mu,imagery,45,15,20
30,mu,execution,45,15,20
30,beta,rest,15,15,1
30,beta,imagery,45,15,20
30,beta,execution,45,15,20
31,broadband,rest,15,15,1
31,broadband,imagery,45,15,20
31,broadband,execution,45,15,20
31,mu,rest,15,15,1
31,mu,imagery,45,15,20
31,mu,execution,45,15,20
31,beta,rest,15,15,1
31,beta,imagery,45,15,20
31,beta,execution,45,15,20
32,broadband,rest,15,15,1
32,broadband,imagery,45,15,20
32,broadband,execution,45,15,20
32,mu,rest,15,15,1
32,mu,imagery,45,15,20
32,mu,execution,45,15,20
32,beta,rest,15,15,1
32,beta,imagery,45,15,20
32,beta,execution,45,15,20
33,broadband,rest,15,15,1
33,broadband,imagery,45,15,20
33,broadband,execution,45,15,20
33,mu,rest,15,15,1
33,mu,imagery,45,15,20
33,mu,execution,45,15,20
33,beta,rest,15,15,1
33,beta,imagery,45,15,20
33,beta,execution,45,15,20
34,broadband,rest,15,15,1
34,broadband,imagery,45,15,20
34,broadband,execution,45,15,20
34,mu,rest,15,15,1
34,mu,imagery,45,15,20
34,mu,execution,45,15,20
34,beta,rest,15,15,1
34,beta,imagery,45,15,20
34,beta,execution,45,15,20
35,broadband,rest,15,15,1
35,broadband,imagery,45,15,20
35,broadband,execution,45,15,20
35,mu,rest,15,15,1
35,mu,imagery,45,15,20
35,mu,execution,45,15,20
35,beta,rest,15,15,1
35,beta,imagery,45,15,20
35,beta,execution,45,15,20
36,broadband,rest,15,15,1
36,broadband,imagery,45,15,20
36,broadband,execution,45,15,20
36,mu,rest,15,15,1
36,mu,imagery,45,15,20
36,mu,execution,45,15,20
36,beta,rest,15,15,1
36,beta,imagery,45,15,20
36,beta,execution,45,15,20
37,broadband,rest,15,15,1
37,broadband,imagery,45,15,20
37,broadband,execution,45,15,20
37,mu,rest,15,15,1
37,mu,imagery,45,15,20
37,mu,execution,45,15,20
37,beta,rest,15,15,1
37,beta,imagery,45,15,20
37,beta,execution,45,15,20
38,broadband,rest,15,15,1
38,broadband,imagery,45,15,20
38,broadband,execution,45,15,20
38,mu,rest,15,15,1
38,mu,imagery,45,15,20
38,mu,execution,45,15,20
38,beta,rest,15,15,1
38,beta,imagery,45,15,20
38,beta,execution,45,15,20
39,broadband,rest,15,15,1
39,broadband,imagery,45,15,20
39,broadband,execution,45,15,20
39,mu,rest,15,15,1
39,mu,imagery,45,15,20
39,mu,execution,45,15,20
39,beta,rest,15,15,1
39,beta,imagery,45,15,20
39,beta,execution,45,15,20
40,broadband,rest,15,15,1
40,broadband,imagery,45,15,20
40,broadband,execution,45,15,20
40,mu,rest,15,15,1
40,mu,imagery,45,15,20
40,mu,execution,45,15,20
40,beta,rest,15,15,1
40,beta,imagery,45,15,20
40,beta,execution,45,15,20
41,broadband,rest,15,15,1
41,broadband,imagery,45,15,20
41,broadband,execution,45,15,20
41,mu,rest,15,15,1
41,mu,imagery,45,15,20
41,mu,execution,45,15,20
41,beta,rest,15,15,1
41,beta,imagery,45,15,20
41,beta,execution,45,15,20
42,broadband,rest,15,15,1
42,broadband,imagery,45,15,20
42,broadband,execution,45,15,20
42,mu,rest,15,15,1
42,mu,imagery,45,15,20
42,mu,execution,45,15,20
42,beta,rest,15,15,1
42,beta,imagery,45,15,20
42,beta,execution,45,15,20
43,broadband,rest,15,15,1
43,broadband,imagery,45,15,20
43,broadband,execution,45,15,20
43,mu,rest,15,15,1
43,mu,imagery,45,15,20
43,mu,execution,45,15,20
43,beta,rest,15,15,1
43,beta,imagery,45,15,20
43,beta,execution,45,15,20
44,broadband,rest,15,15,1
44,broadband,imagery,45,15,20
44,broadband,execution,45,15,20
44,mu,rest,15,15,1
44,mu,imagery,45,15,20
44,mu,execution,45,15,20
44,beta,rest,15,15,1
44,beta,imagery,45,15,20
44,beta,execution,45,15,20
45,broadband,rest,15,15,1
45,broadband,imagery,45,15,20
45,broadband,execution,45,15,20
45,mu,rest,15,15,1
45,mu,imagery,45,15,20
45,mu,execution,45,15,20
45,beta,rest,15,15,1
45,beta,imagery,45,15,20
45,beta,execution,45,15,20
46,broadband,rest,15,15,1
46,broadband,imagery,45,15,20
46,broadband,execution,45,15,20
46,mu,rest,15,15,1
46,mu,imagery,45,15,20
46,mu,execution,45,15,20
46,beta,rest,15,15,1
46,beta,imagery,45,15,20
46,beta,execution,45,15,20
47,broadband,rest,15,15,1
47,broadband,imagery,45,15,20
47,broadband,execution,45,15,20
47,mu,rest,15,15,1
47,mu,imagery,45,15,20
47,mu,execution,45,15,20
47,beta,rest,15,15,1
47,beta,imagery,45,15,20
47,beta,execution,45,15,20
48,broadband,rest,15,15,1
48,broadband,imagery,45,15,20
48,broadband,execution,45,15,20
48,mu,rest,15,15,1
48,mu,imagery,45,15,20
48,mu,execution,45,15,20
48,beta,rest,15,15,1
48,beta,imagery,45,15,20
48,beta,execution,45,15,20
49,broadband,rest,15,15,1
49,broadband,imagery,45,15,20
49,broadband,execution,45,15,20
49,mu,rest,15,15,1
49,mu,imagery,45,15,20
49,mu,execution,45,15,20
49,beta,rest,15,15,1
49,beta,imagery,45,15,20
49,beta,execution,45,15,20
50,broadband,rest,15,15,1
50,broadband,imagery,45,15,20
50,broadband,execution,45,15,20
50,mu,rest,15,15,1
50,mu,imagery,45,15,20
50,mu,execution,45,15,20
50,beta,rest,15,15,1
50,beta,imagery,45,15,20
50,beta,execution,45,15,20
51,broadband,rest,15,15,1
51,broadband,imagery,45,15,20
51,broadband,execution,45,15,20
51,mu,rest,15,15,1
51,mu,imagery,45,15,20
51,mu,execution,45,15,20
51,beta,rest,15,15,1
51,beta,imagery,45,15,20
51,beta,execution,45,15,20
52,broadband,rest,15,15,1
52,broadband,imagery,45,15,20
52,broadband,execution,45,15,20
52,mu,rest,15,15,1
52,mu,imagery,45,15,20
52,mu,execution,45,15,20
52,beta,rest,15,15,1
52,beta,imagery,45,15,20
52,beta,execution,45,15,20
53,broadband,rest,15,15,1
53,broadband,imagery,45,15,20
53,broadband,execution,45,15,20
53,mu,rest,15,15,1
53,mu,imagery,45,15,20
53,mu,execution,45,15,20
53,beta,rest,15,15,1
53,beta,imagery,45,15,20
53,beta,execution,45,15,20
54,broadband,rest,15,15,1
54,broadband,imagery,45,15,20
54,broadband,execution,45,15,20
54,mu,rest,15,15,1
54,mu,imagery,45,15,20
54,mu,execution,45,15,20
54,beta,rest,15,15,1
54,beta,imagery,45,15,20
54,beta,execution,45,15,20
55,broadband,rest,15,15,1
55,broadband,imagery,45,15,20
55,broadband,execution,45,15,20
55,mu,rest,15,15,1
55,mu,imagery,45,15,20
55,mu,execution,45,15,20
55,beta,rest,15,15,1
55,beta,imagery,45,15,20
55,beta,execution,45,15,20
56,broadband,rest,15,15,1
56,broadband,imagery,45,15,20
56,broadband,execution,45,15,20
56,mu,rest,15,15,1
56,mu,imagery,45,15,20
56,mu,execution,45,15,20
56,beta,rest,15,15,1
56,beta,imagery,45,15,20
56,beta,execution,45,15,20
57,broadband,rest,15,15,1
57,broadband,imagery,45,15,20
57,broadband,execution,45,15,20
57,mu,rest,15,15,1
57,mu,imagery,45,15,20
57,mu,execution,45,15,20
57,beta,rest,15,15,1
57,beta,imagery,45,15,20
57,beta,execution,45,15,20
58,broadband,rest,15,15,1
58,broadband,imagery,45,15,20
58,broadband,execution,45,15,20
58,mu,rest,15,15,1
58,mu,imagery,45,15,20
58,mu,execution,45,15,20
58,beta,rest,15,15,1
58,beta,imagery,45,15,20
58,beta,execution,45,15,20
59,broadband,rest,15,15,1
59,broadband,imagery,45,15,20
59,broadband,execution,45,15,20
59,mu,rest,15,15,1
59,mu,imagery,45,15,20
59,mu,execution,45,15,20
59,beta,rest,15,15,1
59,beta,imagery,45,15,20
59,beta,execution,45,15,20
60,broadband,rest,15,15,1
60,broadband,imagery,45,15,20
60,broadband,execution,45,15,20
60,mu,rest,15,15,1
60,mu,imagery,45,15,20
60,mu,execution,45,15,20
60,beta,rest,15,15,1
60,beta,imagery,45,15,20
60,beta,execution,45,15,20
61,broadband,rest,15,15,1
61,broadband,imagery,45,15,20
61,broadband,execution,45,15,20
61,mu,rest,15,15,1
61,mu,imagery,45,15,20
61,mu,execution,45,15,20
61,beta,rest,15,15,1
61,beta,imagery,45,15,20
61,beta,execution,45,15,20
62,broadband,rest,15,15,1
62,broadband,imagery,45,15,20
62,broadband,execution,45,15,20
62,mu,rest,15,15,1
62,mu,imagery,45,15,20
62,mu,execution,45,15,20
62,beta,rest,15,15,1
62,beta,imagery,45,15,20
62,beta,execution,45,15,20
63,broadband,rest,15,15,1
63,broadband,imagery,45,15,20
63,broadband,execution,45,15,20
63,mu,rest,15,15,1
63,mu,imagery,45,15,20
63,mu,execution,45,15,20
63,beta,rest,15,15,1
63,beta,imagery,45,15,20
63,beta,execution,45,15,20
64,broadband,rest,15,15,1
64,broadband,imagery,45,15,20
64,broadband,execution,45,15,20
64,mu,rest,15,15,1
64,mu,imagery,45,15,20
64,mu,execution,45,15,20
64,beta,rest,15,15,1
64,beta,imagery,45,15,20
64,beta,execution,45,15,20
65,broadband,rest,15,15,1
65,broadband,imagery,45,15,20
65,broadband,execution,45,15,20
65,mu,rest,15,15,1
65,mu,imagery,45,15,20
65,mu,execution,45,15,20
65,beta,rest,15,15,1
65,beta,imagery,45,15,20
65,beta,execution,45,15,20
66,broadband,rest,15,15,1
66,broadband,imagery,45,15,20
66,broadband,execution,45,15,20
66,mu,rest,15,15,1
66,mu,imagery,45,15,20
66,mu,execution,45,15,20
66,beta,rest,15,15,1
66,beta,imagery,45,15,20
66,beta,execution,45,15,20
67,broadband,rest,15,15,1
67,broadband,imagery,45,15,20
67,broadband,execution,45,15,20
67,mu,rest,15,15,1
67,mu,imagery,45,15,20
67,mu,execution,45,15,20
67,beta,rest,15,15,1
67,beta,imagery,45,15,20
67,beta,execution,45,15,20
68,broadband,rest,15,15,1
68,broadband,imagery,45,15,20
68,broadband,execution,45,15,20
68,mu,rest,15,15,1
68,mu,imagery,45,15,20
68,mu,execution,45,15,20
68,beta,rest,15,15,1
68,beta,imagery,45,15,20
68,beta,execution,45,15,20
69,broadband,rest,15,15,1
69,broadband,imagery,45,15,20
69,broadband,execution,45,15,20
69,mu,rest,15,15,1
69,mu,imagery,45,15,20
69,mu,execution,45,15,20
69,beta,rest,15,15,1
69,beta,imagery,45,15,20
69,beta,execution,45,15,20
70,broadband,rest,15,15,1
70,broadband,imagery,45,15,20
70,broadband,execution,45,15,20
70,mu,rest,15,15,1
70,mu,imagery,45,15,20
70,mu,execution,45,15,20
70,beta,rest,15,15,1
70,beta,imagery,45,15,20
70,beta,execution,45,15,20
71,broadband,rest,15,15,1
71,broadband,imagery,45,15,20
71,broadband,execution,45,15,20
71,mu,rest,15,15,1
71,mu,imagery,45,15,20
71,mu,execution,45,15,20
71,beta,rest,15,15,1
71,beta,imagery,45,15,20
71,beta,execution,45,15,20
72,broadband,rest,15,15,1
72,broadband,imagery,45,15,20
72,broadband,execution,45,15,20
72,mu,rest,15,15,1
72,mu,imagery,45,15,20
72,mu,execution,45,15,20
72,beta,rest,15,15,1
72,beta,imagery,45,15,20
72,beta,execution,45,15,20
73,broadband,rest,15,15,1
73,broadband,imagery,45,15,20
73,broadband,execution,45,15,20
73,mu,rest,15,15,1
73,mu,imagery,45,15,20
73,mu,execution,45,15,20
73,beta,rest,15,15,1
73,beta,imagery,45,15,20
73,beta,execution,45,15,20
74,broadband,rest,15,15,1
74,broadband,imagery,45,15,20
74,broadband,execution,45,15,20
74,mu,rest,15,15,1
74,mu,imagery,45,15,20
74,mu,execution,45,15,20
74,beta,rest,15,15,1
74,beta,imagery,45,15,20
74,beta,execution,45,15,20
75,broadband,rest,15,15,1
75,broadband,imagery,45,15,20
75,broadband,execution,45,15,20
75,mu,rest,15,15,1
75,mu,imagery,45,15,20
75,mu,execution,45,15,20
75,beta,rest,15,15,1
75,beta,imagery,45,15,20
75,beta,execution,45,15,20
76,broadband,rest,15,15,1
76,broadband,imagery,45,15,20
76,broadband,execution,45,15,20
76,mu,rest,15,15,1
76,mu,imagery,45,15,20
76,mu,execution,45,15,20
76,beta,rest,15,15,1
76,beta,imagery,45,15,20
76,beta,execution,45,15,20
77,broadband,rest,15,15,1
77,broadband,imagery,45,15,20
77,broadband,execution,45,15,20
77,mu,rest,15,15,1
77,mu,imagery,45,15,20
77,mu,execution,45,15,20
77,beta,rest,15,15,1
77,beta,imagery,45,15,20
77,beta,execution,45,15,20
78,broadband,rest,15,15,1
78,broadband,imagery,45,15,20
78,broadband,execution,45,15,20
78,mu,rest,15,15,1
78,mu,imagery,45,15,20
78,mu,execution,45,15,20
78,beta,rest,15,15,1
78,beta,imagery,45,15,20
78,beta,execution,45,15,20
79,broadband,rest,15,15,1
79,broadband,imagery,45,15,20
79,broadband,execution,45,15,20
79,mu,rest,15,15,1
79,mu,imagery,45,15,20
79,mu,execution,45,15,20
79,beta,rest,15,15,1
79,beta,imagery,45,15,20
79,beta,execution,45,15,20
80,broadband,rest,15,15,1
80,broadband,imagery,45,15,20
80,broadband,execution,45,15,20
80,mu,rest,15,15,1
80,mu,imagery,45,15,20
80,mu,execution,45,15,20
80,beta,rest,15,15,1
80,beta,imagery,45,15,20
80,beta,execution,45,15,20
81,broadband,rest,15,15,1
81,broadband,imagery,45,15,20
81,broadband,execution,45,15,20
81,mu,rest,15,15,1
81,mu,imagery,45,15,20
81,mu,execution,45,15,20
81,beta,rest,15,15,1
81,beta,imagery,45,15,20
81,beta,execution,45,15,20
82,broadband,rest,15,15,1
82,broadband,imagery,45,15,20
82,broadband,execution,45,15,20
82,mu,rest,15,15,1
82,mu,imagery,45,15,20
82,mu,execution,45,15,20
82,beta,rest,15,15,1
82,beta,imagery,45,15,20
82,beta,execution,45,15,20
83,broadband,rest,15,15,1
83,broadband,imagery,45,15,20
83,broadband,execution,45,15,20
83,mu,rest,15,15,1
83,mu,imagery,45,15,20
83,mu,execution,45,15,20
83,beta,rest,15,15,1
83,beta,imagery,45,15,20
83,beta,execution,45,15,20
84,broadband,rest,15,15,1
84,broadband,imagery,45,15,20
84,broadband,execution,45,15,20
84,mu,rest,15,15,1
84,mu,imagery,45,15,20
84,mu,execution,45,15,20
84,beta,rest,15,15,1
84,beta,imagery,45,15,20
84,beta,execution,45,15,20
85,broadband,rest,15,15,1
85,broadband,imagery,45,15,20
85,broadband,execution,45,15,20
85,mu,rest,15,15,1
85,mu,imagery,45,15,20
85,mu,execution,45,15,20
85,beta,rest,15,15,1
85,beta,imagery,45,15,20
85,beta,execution,45,15,20
86,broadband,rest,15,15,1
86,broadband,imagery,45,15,20
86,broadband,execution,45,15,20
86,mu,rest,15,15,1
86,mu,imagery,45,15,20
86,mu,execution,45,15,20
86,beta,rest,15,15,1
86,beta,imagery,45,15,20
86,beta,execution,45,15,20
87,broadband,rest,15,15,1
87,broadband,imagery,45,15,20
87,broadband,execution,45,15,20
87,mu,rest,15,15,1
87,mu,imagery,45,15,20
87,mu,execution,45,15,20
87,beta,rest,15,15,1
87,beta,imagery,45,15,20
87,beta,execution,45,15,20
89,broadband,rest,15,15,1
89,broadband,imagery,45,15,20
89,broadband,execution,52,15,20
89,mu,rest,15,15,1
89,mu,imagery,45,15,20
89,mu,execution,52,15,20
89,beta,rest,15,15,1
89,beta,imagery,45,15,20
89,beta,execution,52,15,20
90,broadband,rest,15,15,1
90,broadband,imagery,45,15,20
90,broadband,execution,45,15,20
90,mu,rest,15,15,1
90,mu,imagery,45,15,20
90,mu,execution,45,15,20
90,beta,rest,15,15,1
90,beta,imagery,45,15,20
90,beta,execution,45,15,20
91,broadband,rest,15,15,1
91,broadband,imagery,45,15,20
91,broadband,execution,45,15,20
91,mu,rest,15,15,1
91,mu,imagery,45,15,20
91,mu,execution,45,15,20
91,beta,rest,15,15,1
91,beta,imagery,45,15,20
91,beta,execution,45,15,20
93,broadband,rest,15,15,1
93,broadband,imagery,45,15,20
93,broadband,execution,45,15,20
93,mu,rest,15,15,1
93,mu,imagery,45,15,20
93,mu,execution,45,15,20
93,beta,rest,15,15,1
93,beta,imagery,45,15,20
93,beta,execution,45,15,20
94,broadband,rest,15,15,1
94,broadband,imagery,45,15,20
94,broadband,execution,45,15,20
94,mu,rest,15,15,1
94,mu,imagery,45,15,20
94,mu,execution,45,15,20
94,beta,rest,15,15,1
94,beta,imagery,45,15,20
94,beta,execution,45,15,20
95,broadband,rest,15,15,1
95,broadband,imagery,45,15,20
95,broadband,execution,45,15,20
95,mu,rest,15,15,1
95,mu,imagery,45,15,20
95,mu,execution,45,15,20
95,beta,rest,15,15,1
95,beta,imagery,45,15,20
95,beta,execution,45,15,20
96,broadband,rest,15,15,1
96,broadband,imagery,45,15,20
96,broadband,execution,45,15,20
96,mu,rest,15,15,1
96,mu,imagery,45,15,20
96,mu,execution,45,15,20
96,beta,rest,15,15,1
96,beta,imagery,45,15,20
96,beta,execution,45,15,20
97,broadband,rest,15,15,1
97,broadband,imagery,45,15,20
97,broadband,execution,45,15,20
97,mu,rest,15,15,1
97,mu,imagery,45,15,20
97,mu,execution,45,15,20
97,beta,rest,15,15,1
97,beta,imagery,45,15,20
97,beta,execution,45,15,20
98,broadband,rest,15,15,1
98,broadband,imagery,45,15,20
98,broadband,execution,45,15,20
98,mu,rest,15,15,1
98,mu,imagery,45,15,20
98,mu,execution,45,15,20
98,beta,rest,15,15,1
98,beta,imagery,45,15,20
98,beta,execution,45,15,20
99,broadband,rest,15,15,1
99,broadband,imagery,45,15,20
99,broadband,execution,45,15,20
99,mu,rest,15,15,1
99,mu,imagery,45,15,20
99,mu,execution,45,15,20
99,beta,rest,15,15,1
99,beta,imagery,45,15,20
99,beta,execution,45,15,20
101,broadband,rest,15,15,1
101,broadband,imagery,45,15,20
101,broadband,execution,45,15,20
101,mu,rest,15,15,1
101,mu,imagery,45,15,20
101,mu,execution,45,15,20
101,beta,rest,15,15,1
101,beta,imagery,45,15,20
101,beta,execution,45,15,20
102,broadband,rest,15,15,1
102,broadband,imagery,45,15,20
102,broadband,execution,45,15,20
102,mu,rest,15,15,1
102,mu,imagery,45,15,20
102,mu,execution,45,15,20
102,beta,rest,15,15,1
102,beta,imagery,45,15,20
102,beta,execution,45,15,20
103,broadband,rest,15,15,1
103,broadband,imagery,45,15,20
103,broadband,execution,45,15,20
103,mu,rest,15,15,1
103,mu,imagery,45,15,20
103,mu,execution,45,15,20
103,beta,rest,15,15,1
103,beta,imagery,45,15,20
103,beta,execution,45,15,20
104,broadband,rest,15,15,1
104,broadband,imagery,42,15,20
104,broadband,execution,45,15,20
104,mu,rest,15,15,1
104,mu,imagery,42,15,20
104,mu,execution,45,15,20
104,beta,rest,15,15,1
104,beta,imagery,42,15,20
104,beta,execution,45,15,20
105,broadband,rest,15,15,1
105,broadband,imagery,45,15,20
105,broadband,execution,45,15,20
105,mu,rest,15,15,1
105,mu,imagery,45,15,20
105,mu,execution,45,15,20
105,beta,rest,15,15,1
105,beta,imagery,45,15,20
105,beta,execution,45,15,20
106,broadband,rest,15,15,1
106,broadband,imagery,45,15,20
106,broadband,execution,45,15,20
106,mu,rest,15,15,1
106,mu,imagery,45,15,20
106,mu,execution,45,15,20
106,beta,rest,15,15,1
106,beta,imagery,45,15,20
106,beta,execution,45,15,20
107,broadband,rest,15,15,1
107,broadband,imagery,45,15,20
107,broadband,execution,45,15,20
107,mu,rest,15,15,1
107,mu,imagery,45,15,20
107,mu,execution,45,15,20
107,beta,rest,15,15,1
107,beta,imagery,45,15,20
107,beta,execution,45,15,20
108,broadband,rest,15,15,1
108,broadband,imagery,45,15,20
108,broadband,execution,45,15,20
108,mu,rest,15,15,1
108,mu,imagery,45,15,20
108,mu,execution,45,15,20
108,beta,rest,15,15,1
108,beta,imagery,45,15,20
108,beta,execution,45,15,20
109,broadband,rest,15,15,1
109,broadband,imagery,45,15,20
109,broadband,execution,45,15,20
109,mu,rest,15,15,1
109,mu,imagery,45,15,20
109,mu,execution,45,15,20
109,beta,rest,15,15,1
109,beta,imagery,45,15,20
109,beta,execution,45,15,20
