subject,condition,coh,plv,pli,wpli
1,execution,0.6350777425939564,0.5736128230771925,0.26862712191358,0.40078271318554803
1,imagery,0.6344726952358204,0.5717332170755987,0.2654039076278657,0.39706653048101315
1,rest,0.6417371400717249,0.5691082995362209,0.2665332892416223,0.4045425970381557
2,execution,0.5653714735911632,0.5066192959363668,0.24849611441798913,0.38950443640705634
2,imagery,0.5428688389513702,0.47996692628520865,0.24872831238977042,0.3777028803378143
2,rest,0.5120865947601941,0.4568550889228778,0.2422723765432096,0.3708398882628737
3,execution,0.7071881144050707,0.6323938112464847,0.2954586915784831,0.43983995408904725
3,imagery,0.7752565726477534,0.6791597923083953,0.32319882605820094,0.4948722960351061
3,rest,0.7461081403574813,0.6711152224399342,0.3193937389770723,0.4784351068475123
4,execution,0.6479139324203284,0.5770643627613039,0.27489732142857126,0.4119716545987844
4,imagery,0.6447305844021656,0.5727141265694964,0.26903301366843013,0.40359330334972887
4,rest,0.6358010145875121,0.5682732265126945,0.2692399691358023,0.4069610085463903
5,execution,0.4409229818995096,0.3918914494059365,0.23048696538800675,0.3401954942196152
5,imagery,0.4601947809828572,0.4070871093360037,0.23310389109347412,0.3469056646957942
5,rest,0.4310008936910923,0.3825366659294898,0.2290702160493824,0.3333436817940367
6,execution,0.5791723147307118,0.5074011667006679,0.2586560846560844,0.4080117230043839
6,imagery,0.5581203031922063,0.491731172012526,0.2556746858465606,0.3937589947629462
6,rest,0.5502546055026108,0.486932363773422,0.2524625220458552,0.3746119128251883
7,execution,0.5248153846302209,0.4647019526333655,0.24503885582010554,0.3735608782217358
7,imagery,0.5382209509108329,0.47978163350637476,0.24708148699294505,0.3764574807324824
7,rest,0.56378802588297,0.4976071773579729,0.262710537918871,0.4004624080279029
8,execution,0.6168245853501417,0.5528785045126067,0.26842793761022904,0.40405536272757303
8,imagery,0.6105148680461692,0.5432478922656062,0.2655771053791885,0.4048802008998015
8,rest,0.5904419942142989,0.5243875096600896,0.2549994488536152,0.3938717279433911
9,execution,0.5506062152180562,0.4967152385858455,0.24875446428571402,0.38013514859184105
9,imagery,0.5372817353175053,0.4785779422310312,0.24092537477954118,0.3600994546774745
9,rest,0.503303703363654,0.4497424034493408,0.2329023368606699,0.3414275069099299
10,execution,0.6588018418985476,0.5831277313821981,0.27166774140211625,0.4140261291786681
10,imagery,0.6757872607867964,0.6054730505221262,0.2801469356261021,0.4193763142607548
10,rest,0.5998038405922664,0.5262593974814895,0.256923500881834,0.388225531208169
11,execution,0.7107060872624809,0.6240909196375239,0.3027979497354496,0.4622430417130232
11,imagery,0.6778271403390597,0.5919050154271982,0.2849209656084654,0.4336296198380684
11,rest,0.5899499264656447,0.5235108276440998,0.2574503968253966,0.3910882856269432
12,execution,0.6167325075855113,0.5528824413038849,0.27859551366843016,0.41787586238429436
12,imagery,0.6323875472328764,0.5645659636965986,0.2755908840388005,0.4291948787323655
12,rest,0.5980052121285794,0.5354807884603418,0.2761673280423278,0.4212356616557102
13,execution,0.5331534854274851,0.4755888257191282,0.2458693507495588,0.3827258900836519
13,imagery,0.5279005968992606,0.46562273776351715,0.2437840608465606,0.3769255097367233
13,rest,0.5392389277172804,0.4784356586891499,0.2426940035273365,0.3648135459537044
14,execution,0.5583667104392842,0.5004746187276137,0.2441017691798939,0.36930983071428736
14,imagery,0.5605928095999493,0.49588902196730433,0.24164624669312143,0.3712999881236564
14,rest,0.5295608407560477,0.4671035105732879,0.2376482583774248,0.3555259612011608
15,execution,0.6885178211329241,0.6092259462913268,0.2889239142416224,0.47097428234178373
15,imagery,0.6671494636647549,0.6020857822140431,0.2860065310846559,0.43526647559114295
15,rest,0.678599630729422,0.5927115673977374,0.2861910273368606,0.4455707700730345
16,execution,0.6825070012609926,0.6184334409914942,0.29703684413580234,0.4520461467040701
16,imagery,0.6787843032594986,0.6193981591212758,0.2856415895061727,0.44045527491996533
16,rest,0.6327608557575776,0.5723539304613863,0.2883636463844796,0.4298133142473833
17,execution,0.5815650957589907,0.5154690461079585,0.2542568342151673,0.3959296341711729
17,imagery,0.5602455767932388,0.5004598908765661,0.24675256283068756,0.3770742111995511
17,rest,0.5730022162375847,0.5011585403397587,0.245100308641975,0.3997973157243235
18,execution,0.7396434643243469,0.6630945649424989,0.3111532462522045,0.46872648255931104
18,imagery,0.7080533473001205,0.6333635388533021,0.28964007385361534,0.4388463251330494
18,rest,0.727737703548953,0.6664047138740491,0.336020171957672,0.4903113403930969
19,execution,0.5962604860794609,0.5212248352483859,0.2562919146825394,0.4000520332763714
19,imagery,0.5799850376084684,0.5129488656189076,0.2569501763668428,0.39504671423687776
19,rest,0.5885344534924022,0.5334280142986179,0.2586612654320985,0.3891077215139064
20,execution,0.6584361134157295,0.576237775642414,0.26422627314814795,0.41448640695534344
20,imagery,0.6326708512315891,0.5604570130619908,0.2636065090388005,0.39929201540886433
20,rest,0.5901255174467118,0.5133144173484155,0.2504249338624336,0.3865950151389176
21,execution,0.7671751987102946,0.7029273960293216,0.31711926807760127,0.4704811847530797
21,imagery,0.767449009743862,0.6983300005355895,0.31483234126984116,0.47094427645912507
21,rest,0.7836942906669455,0.724162592626137,0.3307936507936507,0.4907899565432375
22,execution,0.5699296069967299,0.5060395682558987,0.26716969797178114,0.40562670599741624
22,imagery,0.568472358843957,0.5032073338545219,0.2561232638888886,0.3926798094011966
22,rest,0.5641269076500071,0.5017653630678515,0.2626851851851849,0.3874590151970795
23,execution,0.6011626528470393,0.5373252727032043,0.2610281911375659,0.39664146821282886
23,imagery,0.580196878219297,0.5208068726389655,0.2548131062610227,0.3926698386334655
23,rest,0.5746455576284436,0.5105522658776418,0.2475556657848322,0.3777501683937921
24,execution,0.5742777024199379,0.5076684921268985,0.25654949294532603,0.4018153464357529
24,imagery,0.5516824519483021,0.4876475988491342,0.25764958112874753,0.397567056110071
24,rest,0.5965766908031663,0.530337224082409,0.2668667328042325,0.4063590250397013
25,execution,0.6079417955229794,0.5400775344528157,0.28066280864197507,0.425610049340185
25,imagery,0.5957774275653465,0.5264310480635251,0.2809927799823631,0.42575683755101884
25,rest,0.6181126487132047,0.5427456582287165,0.2819212962962961,0.4296621374665123
26,execution,0.6786252445730222,0.6061350790792555,0.2911249999999998,0.43854102673926343
26,imagery,0.6478381772201758,0.5789496284706609,0.2815010747354495,0.4300780902032423
26,rest,0.6813356393051201,0.6091380253955273,0.2902050264550263,0.4380248063421845
27,execution,0.5732146069529805,0.5038763525090628,0.25093163029100507,0.3979319448621606
27,imagery,0.5752035886121971,0.5081598250092481,0.2506549548059962,0.39105004475561467
27,rest,0.6064508727497304,0.5349236254425993,0.2835780423280421,0.419918439375682
28,execution,0.61136126015479,0.541403396487022,0.2576369323192237,0.3899951315079397
28,imagery,0.5971064360409699,0.5356154805744816,0.25505591380070525,0.38824721156449404
28,rest,0.571415485685917,0.5104402111366513,0.2521665564373896,0.3755672749139623
29,execution,0.5554851087762618,0.4965295317889288,0.24918003196649002,0.3792716101126491
29,imagery,0.5513097189369763,0.49347958884035725,0.2461089065255729,0.37432895114731984
29,rest,0.5514244451839876,0.4985307895047209,0.2557583774250438,0.3880986331936801
30,execution,0.7652033485023202,0.6830929996713458,0.3282952766754849,0.49070477319172634
30,imagery,0.7310941897113434,0.6653145966420279,0.3104623015873015,0.4676759181929451
30,rest,0.734720721486186,0.6538929603895608,0.3002662037037036,0.4637655102400476
31,execution,0.6759461016718846,0.6138090555245919,0.2868061893738975,0.4350011335407077
31,imagery,0.6651506418092484,0.5948379639160262,0.27825176366843013,0.4340635065210825
31,rest,0.6317210266161906,0.5668976459835663,0.2658708112874777,0.395268508941079
32,execution,0.587255378039975,0.524438148038059,0.2486442901234565,0.3844058229537548
32,imagery,0.5080486739442405,0.4573539566289394,0.26014043209876514,0.39737084577705006
32,rest,0.4840262231040702,0.4372995366758011,0.2362059082892413,0.3501179998412587
33,execution,0.5183860046266913,0.46178611387390356,0.23830078813932948,0.353495096383212
33,imagery,0.5027043106756769,0.4434907524630834,0.23997933201058172,0.3701638794389651
33,rest,0.5034047906849922,0.4423045254949769,0.2464814814814812,0.375020803046567
34,execution,0.5470481724621632,0.48290180775334435,0.2475965608465606,0.3701000234943063
34,imagery,0.5418455515042659,0.47533208194729165,0.24685364307760116,0.3743804513700546
34,rest,0.5190619622859102,0.4609408988856353,0.2396125440917105,0.351672877727418
35,execution,0.5593788432282298,0.5010855870018734,0.252141148589065,0.3793048604668995
35,imagery,0.5570948000447673,0.49883553662866226,0.25066041115520254,0.37860550377706126
35,rest,0.5359735410767044,0.4767056814810137,0.2441484788359785,0.3660616320925121
36,execution,0.683094134855063,0.6098698036607156,0.28241826499118144,0.4346355249174125
36,imagery,0.7111195998783394,0.6279768402455723,0.2931250551146382,0.45550855553840963
36,rest,0.6387129029625426,0.5637002084576177,0.2644494047619046,0.4092947606628534
37,execution,0.6548876313961877,0.5942739712906676,0.28548688271604916,0.4251130335830429
37,imagery,0.61677684757337,0.5569806682232529,0.2753016424162255,0.4039880857238492
37,rest,0.6727685857871203,0.5939791021346744,0.2802292768959434,0.4238194546356486
38,execution,0.5291740947163396,0.4690580555535485,0.24306084656084628,0.3666731355712144
38,imagery,0.5322219230400987,0.47910093714150503,0.24231291335978805,0.35665318247755473
38,rest,0.5654840027631384,0.4962218114720543,0.2504613095238093,0.3711982430020282
39,execution,0.5428818158511798,0.47603434213797646,0.24699727182539655,0.3807908498857372
39,imagery,0.5214838919235374,0.4616089673032701,0.24094273589065227,0.3699441580332208
39,rest,0.5241498893597001,0.461141091324676,0.2426399911816575,0.3674038111972923
40,execution,0.5703789158014183,0.5002031245842403,0.25166465498236307,0.37244711118936946
40,imagery,0.5704345889014703,0.4979818730664034,0.2477389219576717,0.3671184203459548
40,rest,0.600744439279782,0.5259688559350262,0.2598765432098763,0.3918049298184607
41,execution,0.6168219396656498,0.5552023354101026,0.2740403990299821,0.41138778360658906
41,imagery,0.6068986383848651,0.5452704856996721,0.25931013007054654,0.3884155357709408
41,rest,0.6046115376193317,0.5394338320731316,0.2636761463844795,0.3917801048991787
42,execution,0.5708096471614482,0.5080505425838184,0.25473035163139307,0.3874390066621538
42,imagery,0.5724236563788538,0.5058313355515289,0.2585703538359786,0.3989909641931539
42,rest,0.5734886804609632,0.5065644845833261,0.2697332451499116,0.4088192582114838
43,execution,0.5740716030187285,0.5087489948406471,0.25379020612874753,0.3877104938542191
43,imagery,0.5391513885999355,0.4787331239021572,0.24608041225749533,0.37955747218716573
43,rest,0.5336063281677424,0.464154049029187,0.2426339285714283,0.3701378984982427
44,execution,0.578124591767725,0.511108356808194,0.26646764770723086,0.4215075436621147
44,imagery,0.5718614979075662,0.5063592953502188,0.2584174658289239,0.41135372696282324
44,rest,0.5439914183075026,0.4805034781751617,0.2508553791887122,0.3799238476145101
45,execution,0.671457277745535,0.6111220003980111,0.27525942460317443,0.4223427667190096
45,imagery,0.6679160638051811,0.5933865543901162,0.2694503968253966,0.4229106217590644
45,rest,0.625929137426301,0.5731218685280337,0.262588734567901,0.3969125135622527
46,execution,0.7881367033038018,0.6951437423543642,0.30944634589947084,0.4888680977114254
46,imagery,0.7002514010408529,0.6294810367472935,0.2874488260582009,0.4286697636532228
46,rest,0.6959500917409669,0.6204316859537713,0.2848754409171074,0.427468335478654
47,execution,0.7700851056714129,0.699592245605044,0.3244748401675484,0.481938366866263
47,imagery,0.7663477309628928,0.6932353921675205,0.3129714506172838,0.47154789723934626
47,rest,0.7429413607038398,0.6660615177448921,0.310689484126984,0.4639621727065448
48,execution,0.5454250810813295,0.48264659061151693,0.24742204034391505,0.39627218896165867
48,imagery,0.5652722653073254,0.5014772923605216,0.259746830908289,0.4009532020683249
48,rest,0.5163226498009613,0.4538452047063056,0.2421555335096999,0.3687512693628045
49,execution,0.560176376873395,0.49624069031028634,0.2621270943562608,0.39713528539738696
49,imagery,0.5426149756332496,0.48564584329711213,0.2578957506613754,0.395704385941728
49,rest,0.5564447788604859,0.4953534384210522,0.2642471340388005,0.4004881872248426
50,execution,0.6666139097218914,0.5954593826955034,0.28039770723104035,0.42059917816271525
50,imagery,0.6621167122583206,0.5943108923614563,0.27840520282186926,0.41512079167397575
50,rest,0.6914377206619535,0.6194401721877649,0.2956475970017635,0.4411897884920669
51,execution,0.6234465851740169,0.5433919397876179,0.26151488095238073,0.40208487141627114
51,imagery,0.6164982215826631,0.5352233708101705,0.2592916942239857,0.4114717812815948
51,rest,0.603206134423851,0.5129280635105214,0.256883267195767,0.3990188503178161
52,execution,0.5909191363345778,0.5191235032041278,0.258400738536155,0.39795077605494183
52,imagery,0.5594169106507305,0.4897634306918574,0.24778962742504382,0.38187761389147956
52,rest,0.541926885021528,0.4795488368175011,0.2497701719576717,0.3866663554011082
53,execution,0.634594133159408,0.5735270179249843,0.27451658950617264,0.41105372352367403
53,imagery,0.6340312637565897,0.5679491943478746,0.2739137455908287,0.40961287171484484
53,rest,0.6701975805088181,0.5963445098515475,0.2853824955908287,0.4329167732441521
54,execution,0.6073022865271274,0.5449017634813246,0.26911585097001745,0.4096662676305828
54,imagery,0.5888694955459773,0.5177542582999679,0.25558818342151646,0.39914582618294703
54,rest,0.5798496878775885,0.5170826462044155,0.2607396384479715,0.3919970566276404
55,execution,0.6826576243343515,0.6113520251007961,0.2906852678571427,0.4393388134503062
55,imagery,0.6717454430238776,0.6061557657316368,0.27823098544973524,0.41837587545536364
55,rest,0.6688820477017915,0.6068427635394305,0.2880555555555554,0.4323427553890049
56,execution,0.6394003695650295,0.5674739227821001,0.2802719631834213,0.43745520323615095
56,imagery,0.6406313198417062,0.570027349445042,0.2773749999999998,0.4213948396175982
56,rest,0.6352033671243147,0.5575151835261482,0.2754453262786595,0.4220927358094399
57,execution,0.6742227994104057,0.5890381089363965,0.26447456459435603,0.4213011810417934
57,imagery,0.5858443478550026,0.5250507205288045,0.25700498787477927,0.38622643768723786
57,rest,0.6843202247791799,0.600063335190585,0.2786607142857141,0.4155873996684719
58,execution,0.71917455135012,0.6316570191658376,0.30832159391534375,0.4658943581926378
58,imagery,0.634061427654561,0.5762491055973732,0.28213640873015855,0.4164882218458362
58,rest,0.5820832360582772,0.5195501464842412,0.2631222442680774,0.379118648483906
59,execution,0.6424679232990365,0.5712907466938353,0.26850256283068763,0.40752041374332687
59,imagery,0.6221174091465803,0.5643941405759496,0.2633837081128746,0.39608838829444626
59,rest,0.5915757174392057,0.5342788890039792,0.2560730820105817,0.3896604617141676
60,execution,0.4938712974467726,0.4360624895861795,0.2340364307760138,0.35767484472802064
60,imagery,0.48962189945146434,0.43247169443015016,0.23732437720458527,0.36228609244098137
60,rest,0.4961677096889403,0.4387754715953129,0.2376372354497352,0.3561812356945865
61,execution,0.6927217901884852,0.6281009966409002,0.2977633652998235,0.4519170480612553
61,imagery,0.6640489083536028,0.6022349268549715,0.29249426807760126,0.44332444120112025
61,rest,0.6630129832607716,0.5903663609197837,0.2850209435626101,0.4339927718232255
62,execution,0.6904895715271469,0.5897359907041103,0.273087742504409,0.4692826148626163
62,imagery,0.6430703388526111,0.5772972961174039,0.2678629023368605,0.40964738505767057
62,rest,0.6590246133792581,0.5898744833293841,0.2753257275132273,0.4275185618507437
63,execution,0.6147174699476088,0.5511071478529572,0.2642455357142855,0.4068993366764876
63,imagery,0.576170707051419,0.5185435617619962,0.2575585041887123,0.3847418532106558
63,rest,0.6500386799084409,0.5830371963524442,0.2796516754850087,0.4281575223965233
64,execution,0.6634065903710004,0.586530677900402,0.275711888227513,0.41766508464614416
64,imagery,0.6614359801721837,0.587548366713485,0.2744726631393296,0.4185311848052885
64,rest,0.6127303419014541,0.5432120154760733,0.2615944664902996,0.3913625460523374
65,execution,0.6389831706064647,0.573844743711068,0.274089340828924,0.40702731002601295
65,imagery,0.6434251307992467,0.5813792971783502,0.27544692460317444,0.4136910111025518
65,rest,0.6304289155928355,0.5691467853068058,0.2697856040564372,0.4087249933721438
66,execution,0.6003730898048258,0.5124366491092658,0.2559201113315694,0.4107784881735325
66,imagery,0.5971025580902244,0.5131114047326799,0.25451107804232775,0.41039783648337436
66,rest,0.5501732758529959,0.4948689060719435,0.2486474867724865,0.3979624266796132
67,execution,0.5023391948127012,0.4519271280731715,0.24626647927689568,0.37439178673762574
67,imagery,0.4879402465691995,0.4408512601566984,0.23961521715167516,0.36345806426026334
67,rest,0.4780067965206294,0.4379460634727486,0.2400418871252202,0.3619066766464363
68,execution,0.6282328815888223,0.5674578382245428,0.26592275683421496,0.4029436150144596
68,imagery,0.6517154652061159,0.5735695687426914,0.2678497023809522,0.4100522969266107
68,rest,0.6302000200770478,0.5635673582305709,0.2689880952380951,0.4017306099748594
69,execution,0.6064055245648791,0.5481330981768172,0.25276997905643717,0.3807589968459003
69,imagery,0.6130646363417442,0.547407304418517,0.25657773919753063,0.38763081863254867
69,rest,0.5864695814858036,0.5208463551359264,0.2530599647266311,0.3845141266274013
70,execution,0.7805418358722356,0.7182378010579208,0.32332553461199287,0.47068056741000686
70,imagery,0.7783377892129749,0.7135565971792482,0.31662028769841266,0.46492990085990965
70,rest,0.7501933650966022,0.6794895526406202,0.3104828042328042,0.4562965092480915
71,execution,0.7180461112335009,0.6594489018224332,0.3012052193562609,0.4515690869119845
71,imagery,0.6951130468303377,0.6410805447642349,0.29666490299823617,0.45068089418990775
71,rest,0.7313106372012586,0.6602808724074621,0.299098324514991,0.455718884944751
72,execution,0.6102281739361699,0.5434551706684758,0.2642965994268075,0.3990196662542369
72,imagery,0.5963201726494004,0.5281829210763836,0.2614024195326276,0.39943356866477114
72,rest,0.5918250675455344,0.5191680441199709,0.2561805555555553,0.4085776518245798
73,execution,0.658602368349803,0.59800151387523,0.28534548611111094,0.4332737551557062
73,imagery,0.6312110150351884,0.5655400564567301,0.2726790674603173,0.40954441570761685
73,rest,0.6104634385223728,0.5389993756058459,0.267262455908289,0.4233248536874212
74,execution,0.5990404434550155,0.5328760575398339,0.26070243606701915,0.41498475936802903
74,imagery,0.6100096839244487,0.5453550246521672,0.26206558641975286,0.40248429849448175
74,rest,0.6371608107047436,0.5569560971843248,0.2725799162257493,0.4180869689741046
75,execution,0.6368051064150797,0.5561361045340135,0.2602302965167546,0.41092911189549974
75,imagery,0.6197280443763675,0.5479208276735007,0.265596726190476,0.4205474588060881
75,rest,0.5629672363223137,0.4854147971868798,0.2418838183421514,0.3745106612470947
76,execution,0.7143649957394687,0.6392779677435574,0.3084347993827159,0.4657179668247459
76,imagery,0.693168928927929,0.6054604909670578,0.2930603780864196,0.4492987951795568
76,rest,0.6977910266306591,0.6316345604589875,0.3039495149911815,0.4617477790128312
77,execution,0.649005644354838,0.5778906424062529,0.27010119047619024,0.40849017042777547
77,imagery,0.649889627182193,0.5768971656699751,0.2685318011463843,0.40680145503920573
77,rest,0.6224488131033189,0.5498263467242864,0.262887455908289,0.4014913231163061
78,execution,0.6129533518568092,0.5419598802796801,0.255833691578483,0.3958608321997369
78,imagery,0.6153816153133982,0.5434976776402676,0.26328480489417966,0.4072590964520154
78,rest,0.646402067788298,0.5728841469226509,0.2674112654320985,0.3971809119345599
79,execution,0.603825600042016,0.5480942274193201,0.2656552028218693,0.4137341528013603
79,imagery,0.5829757554525691,0.5246630257680117,0.2595137511022926,0.3915761613530244
79,rest,0.5688295222927027,0.5048890823952916,0.2551934523809521,0.3800470889043856
80,execution,0.6392564786807441,0.5652507799659137,0.2673829365079363,0.4007146122080439
80,imagery,0.6250899298748378,0.554513294694481,0.262931988536155,0.3944722825735399
80,rest,0.6497480167463948,0.572370069574923,0.2627584876543208,0.3880870662185736
81,execution,0.610456577181032,0.5467089672650856,0.2831698908730157,0.4220404404939352
81,imagery,0.6060897655542334,0.5416000220309503,0.273729607583774,0.4154659327789495
81,rest,0.5999705631272686,0.5430477190438396,0.296505180776014,0.4352750705724935
82,execution,0.6204758599694081,0.5590713138682293,0.2629664902998234,0.40287722579125224
82,imagery,0.6252809928681147,0.5612598684647647,0.2615414737654319,0.39720074352304136
82,rest,0.604954023834051,0.5451316246488733,0.2621401014109346,0.3949414298834205
83,execution,0.6024654235837406,0.5335189878367197,0.2734489087301585,0.42061629607723017
83,imagery,0.577926900704042,0.5204412177009228,0.2639659391534389,0.407218542211354
83,rest,0.5657169670394996,0.5028146326158361,0.2608785273368604,0.3990325044079774
84,execution,0.4883054059252146,0.4239719823071029,0.2375944113756611,0.36926718047451945
84,imagery,0.5080789570372637,0.4428513310326161,0.24870072751322728,0.38084136185812034
84,rest,0.4389497078187389,0.3900879122972857,0.2301940035273366,0.3362286942591195
85,execution,0.4760927969737868,0.4215718323499288,0.2333902667548498,0.344239312682975
85,imagery,0.46257517319726454,0.40792923067403414,0.2342194664902995,0.3493331398683201
85,rest,0.4708526164987027,0.4093117384610736,0.2347183641975306,0.3583667804386597
86,execution,0.583484468723588,0.5060759717034264,0.2615216324955906,0.4251214342135259
86,imagery,0.6438681771895441,0.5353329439534773,0.27173065476190456,0.48010067129313533
86,rest,0.5542938175180109,0.48853271694299,0.2574415784832449,0.3893076970243533
87,execution,0.5992042287109468,0.5350408750505491,0.25520582561728367,0.3913062097035775
87,imagery,0.5819870326437837,0.5170199255982146,0.24877430555555527,0.3821333469962016
87,rest,0.6125814102168876,0.5414070902668232,0.2564682539682537,0.3855391321553109
89,execution,0.6218716962068112,0.5610267716830901,0.26266123787477935,0.39601855174575684
89,imagery,0.6523943345012326,0.5855379435101823,0.27259727733686046,0.41298032536198076
89,rest,0.6224911595192915,0.5550851409477102,0.2671968694885359,0.4004307297699544
90,execution,0.6244880183470161,0.5648931995148128,0.26811692570546714,0.4024410488529927
90,imagery,0.6149655655345245,0.5537460768813407,0.2654223710317458,0.4025455956991489
90,rest,0.6127369630993585,0.5481421172154919,0.2650330687830686,0.3907110561678042
91,execution,0.6759577711281619,0.6129901217247616,0.3103932429453263,0.4562889690093554
91,imagery,0.7077849361507875,0.641339153107801,0.31663120039682535,0.469990310471489
91,rest,0.664408405665851,0.5966095485608528,0.294371693121693,0.4367670696410963
93,execution,0.5941616620417165,0.5162362505014748,0.25619458223104036,0.40536527185013693
93,imagery,0.5732079489596333,0.5061984418884443,0.2479719190917105,0.37804322907171617
93,rest,0.5411869242933134,0.4768602685107,0.241447861552028,0.3646316232937182
94,execution,0.5292284861557546,0.47252844057306875,0.24834521053791855,0.3709947285679709
94,imagery,0.5132970461153604,0.45375660318711,0.24760430445326248,0.37717181676633454
94,rest,0.508900503225635,0.4486780576086905,0.23906746031746,0.3726132356036024
95,execution,0.74438882037235,0.6636076413876529,0.2916801697530863,0.4417474064812657
95,imagery,0.6938691100932165,0.6277697068490647,0.27577185295414447,0.41570910702276853
95,rest,0.6947064193213005,0.6225156958769971,0.2908564814814813,0.4336525061075577
96,execution,0.6556839409134583,0.594400504252853,0.29669527116402106,0.45247838137585344
96,imagery,0.641690058088721,0.5677675380011225,0.28098613866843014,0.43885616457682575
96,rest,0.6261577101436683,0.550193595187447,0.2982528659611993,0.4397648331813203
97,execution,0.6196782333484714,0.5446736891253531,0.26490470679012323,0.4088538722758709
97,imagery,0.6707032076652157,0.5792094312109783,0.27823186728395044,0.43239182001191895
97,rest,0.6058555043816827,0.5337478357329845,0.2648137125220456,0.3981619628824938
98,execution,0.572454822928666,0.5138391280325931,0.26985612323633135,0.4164206713993301
98,imagery,0.5642361841045541,0.5056638397472855,0.2532165178571426,0.39051583823364056
98,rest,0.521870313506313,0.468230801850233,0.2442752425044089,0.3617470403673358
99,execution,0.6346709623275645,0.576894255046242,0.2756711033950615,0.4211834379212503
99,imagery,0.6599441214064414,0.5987187609774527,0.28066156856261004,0.42857125630975784
99,rest,0.6765476255094416,0.6108807288211523,0.2913514109347441,0.4375035912090483
101,execution,0.6133125168961581,0.5414604559929287,0.25641402116402096,0.38757933311232995
101,imagery,0.6132587754898166,0.5396931965130947,0.25679805996472643,0.3801820773373571
101,rest,0.5834967299366102,0.514905590093326,0.2557583774250438,0.3775711711566246
102,execution,0.6857909798449429,0.6088682431882226,0.2849583884479716,0.43653371451099626
102,imagery,0.6914466973856321,0.616172925908225,0.2871020723104055,0.4363931638591224
102,rest,0.6529026850627523,0.586918278076673,0.276284722222222,0.4133928936310556
103,execution,0.6472911586652328,0.5860939113162741,0.2780626102292767,0.42946517166152576
103,imagery,0.6549405698689663,0.5925754598266695,0.2826237048059963,0.4292278350375299
103,rest,0.6556961278780284,0.587661157698587,0.2810438712522045,0.4224037990454931
104,execution,0.7190496564016569,0.6237704477534587,0.281224674823633,0.4345739353739086
104,imagery,0.6504276846750049,0.5691066514564709,0.26861185515872993,0.4122421686700363
104,rest,0.6728056437959529,0.590202268221006,0.2742796516754848,0.4230135606648451
105,execution,0.6289097930452282,0.5532779682090484,0.2617351466049381,0.4043034493171326
105,imagery,0.6041785023592825,0.5324075950603742,0.2528974592151673,0.38956964672083566
105,rest,0.5992278393428319,0.5293744717484479,0.2604034391534389,0.392688400976516
106,execution,0.5224309936825281,0.4571884680687462,0.24068648037918844,0.3719461375453359
106,imagery,0.519909959938777,0.4539561638511115,0.24113552689594328,0.3716980131492693
106,rest,0.5095190505249544,0.4527373924577677,0.2424206349206346,0.3618513719819395
107,execution,0.7413250181123836,0.6893022530582351,0.33196924603174593,0.4966785729386044
107,imagery,0.7541977349794126,0.7031423482736475,0.32382195216049375,0.478807751208466
107,rest,0.8054492399854202,0.7427523180279564,0.3451730599647266,0.5055297258486612
108,execution,0.6076072341616401,0.5428834050195606,0.26256249999999975,0.41755593782399814
108,imagery,0.5772604721572805,0.5132435112738222,0.25443322861552004,0.4032668239265084
108,rest,0.6523420450110065,0.591351865090663,0.2919576719576719,0.4272517414162144
109,execution,0.5268673246063015,0.4621254850834052,0.24404808752204557,0.3703097778830176
109,imagery,0.5222212388633546,0.4586011031530287,0.2449080963403877,0.3680299605088432
109,rest,0.502439504295526,0.4444691042142199,0.2391110008818339,0.3526412747095762
