channel,positive_change_sum,negative_change_sum,absolute_change_sum
Fp1,6.80927672955974,-84.61462264150946,91.42389937106917
Fpz,8.06477987421383,-82.96446540880504,91.02924528301882
Fp2,6.314308176100617,-79.05188679245285,85.36619496855346
AF4,10.673270440251562,-71.3941823899371,82.06745283018866
AF3,13.247955974842776,-68.51226415094332,81.7602201257861
AF7,11.044025157232674,-68.91698113207559,79.96100628930829
F5,18.55471698113206,-58.01996855345918,76.57468553459118
AFz,10.453144654088097,-63.71729559748428,74.17044025157239
AF8,8.49591194968553,-57.3360062893083,65.83191823899382
F8,11.629245283018856,-53.51509433962269,65.14433962264155
F3,17.799371069182364,-47.0842767295598,64.88364779874216
F4,11.203616352201225,-49.55723270440247,60.760849056603696
F1,16.946383647798726,-42.219182389937,59.16556603773572
F2,15.310691823899356,-42.46729559748427,57.777987421383614
F7,16.912264150943358,-39.75864779874216,56.6709119496855
F6,10.874685534591153,-43.501100628930786,54.375786163521916
CPz,54.09654088050313,0.0,54.09654088050313
Fz,15.3059748427673,-38.11556603773581,53.42154088050311
P5,53.358176100628896,0.0,53.358176100628896
CP3,51.299528301886824,0.0,51.299528301886824
PO3,51.20660377358488,0.0,51.20660377358488
Pz,51.163679245283035,0.0,51.163679245283035
P7,46.929559748427664,0.0,46.929559748427664
CP5,46.27924528301882,0.0,46.27924528301882
P3,45.625786163521944,-0.1297169811320557,45.75550314465401
CP1,45.601886792452845,-0.0070754716981138,45.60896226415095
P1,44.6111635220126,-0.1297169811320557,44.740880503144666
P2,44.08207547169808,0.0,44.08207547169808
CP2,43.68757861635214,-0.14402515723269171,43.83160377358483
CP4,42.85393081761006,-0.0948113207547187,42.94874213836479
FC6,10.740094339622647,-32.147484276729585,42.88757861635222
C1,41.62940251572326,-0.49323899371068847,42.12264150943393
Cz,41.571383647798825,-0.4176100628930734,41.98899371069189
C5,41.487893081760944,-0.0514150943396245,41.53930817610056
FC4,15.506446540880443,-26.01226415094341,41.51871069182384
FC2,17.192452830188664,-24.225628930817596,41.41808176100624
C3,40.624056603773546,-0.7416666666666687,41.36572327044022
P4,40.60644654088051,-0.0028301886792476,40.60927672955977
P6,40.514465408805066,0.0,40.514465408805066
FCz,21.36525157232705,-17.136477987421426,38.50172955974847
FC5,14.85361635220128,-23.13270440251574,37.98632075471701
CP6,37.61996855345915,-0.0512578616352232,37.671226415094374
PO8,37.44669811320753,-0.1498427672955991,37.59654088050313
T7,37.4127358490566,-0.0119496855345992,37.4246855345912
TP7,36.93773584905666,0.0,36.93773584905666
FT7,23.72389937106913,-13.187893081760999,36.911792452830134
O1,36.616823899371056,0.0,36.616823899371056
Oz,36.484276729559724,0.0,36.484276729559724
PO7,36.25849056603772,0.0,36.25849056603772
O2,36.19811320754715,0.0,36.19811320754715
FC1,21.60298742138364,-14.493396226415145,36.096383647798774
POz,35.924213836477975,0.0,35.924213836477975
P8,35.099842767295584,0.0,35.099842767295584
PO4,34.00251572327047,-0.15455974842767078,34.157075471698136
Iz,33.39779874213839,0.0,33.39779874213839
T9,32.96305031446548,-0.1493710691823917,33.112421383647856
FT8,12.588679245283018,-20.405031446540868,32.99371069182387
C4,30.73537735849056,-1.9064465408805427,32.64182389937109
FC3,17.58946540880504,-14.88679245283023,32.47625786163526
C2,27.152672955974914,-3.1488993710691715,30.30157232704407
C6,27.96525157232702,-1.2125786163522052,29.177830188679224
TP8,26.871855345911932,-0.3487421383647804,27.22059748427671
T8,11.914465408805022,-6.646855345911918,18.561320754716938
T10,10.967138364779888,-4.022955974842745,14.99009433962263
