subject,data_type,rest,task,delta_task_minus_rest
1,phase_randomized_surrogate,0.005877201140873016,0.005912801752645502,3.5600611772486183e-05
1,real,0.014090195105820106,0.013798673115079365,-0.00029152199074074063
2,phase_randomized_surrogate,0.006090443121693121,0.006320167824074074,0.00022972470238095347
2,real,0.019412977430555554,0.012236552028218694,-0.00717642540233686
3,phase_randomized_surrogate,0.005845785796957672,0.0059628182870370364,0.00011703249007936466
3,real,0.02704850777116402,0.02333763916446208,-0.0037108686067019413
4,phase_randomized_surrogate,0.005834418402777777,0.006043406222442681,0.00020898781966490355
4,real,0.023376167741402117,0.012545624586640212,-0.010830543154761904
5,phase_randomized_surrogate,0.006079799107142857,0.0061216862323633155,4.1887125220458135e-05
5,real,0.010525483630952381,0.013210358796296296,0.0026848751653439154
6,phase_randomized_surrogate,0.006021515376984127,0.006348672426146384,0.0003271570491622574
6,real,0.02302538029100529,0.014903463266093474,-0.008121917024911817
7,phase_randomized_surrogate,0.0059831245866402115,0.006010681905864197,2.755731922398589e-05
7,real,0.02181175595238095,0.017132815944664904,-0.004678940007716046
8,phase_randomized_surrogate,0.005835606812169312,0.006032503858024691,0.0001968970458553791
8,real,0.0286980716765873,0.019691891947751325,-0.009006179728835974
9,phase_randomized_surrogate,0.005992993551587302,0.006119206073633157,0.000126212522045855
9,real,0.01528495990410053,0.014501057512125222,-0.0007839023919753076
10,phase_randomized_surrogate,0.005918537119708995,0.0055213328097442685,-0.0003972043099647266
10,real,0.011602079199735448,0.012754543513007054,0.0011524643132716055
11,phase_randomized_surrogate,0.005512101107804233,0.005857480434303351,0.00034537932649911837
11,real,0.016176680307539684,0.014927937610229277,-0.0012487426973104062
12,phase_randomized_surrogate,0.005914816881613757,0.005150325176366843,-0.0007644917052469138
12,real,0.019358672288359788,0.02292601893187831,0.003567346643518522
13,phase_randomized_surrogate,0.0062356357473544975,0.0063713727678571435,0.00013573702050264595
13,real,0.016948423032407407,0.016115365272266313,-0.0008330577601410941
14,phase_randomized_surrogate,0.006220134755291005,0.006042269483024691,-0.0001778652722663138
14,real,0.013578507357804232,0.013343030065035273,-0.00023547729276895968
15,phase_randomized_surrogate,0.0063792266038359795,0.006380311673280423,1.0850694444437467e-06
15,real,0.01573836392195767,0.015042438271604938,-0.0006959256503527335
16,phase_randomized_surrogate,0.005946180555555555,0.006011146935626102,6.496638007054672e-05
16,real,0.030275349289021165,0.025610618524029984,-0.00466473076499118
17,phase_randomized_surrogate,0.006255115327380952,0.006174596285273369,-8.051904210758243e-05
17,real,0.01622922867063492,0.01976335152116402,0.003534122850529099
18,phase_randomized_surrogate,0.005465443121693122,0.005856429811507936,0.00039098668981481406
18,real,0.04660414599867725,0.027856057787698413,-0.018748088210978838
19,phase_randomized_surrogate,0.0062849805720899465,0.00634713955026455,6.215897817460347e-05
19,real,0.023659680886243387,0.012767891589506173,-0.010891789296737214
20,phase_randomized_surrogate,0.00618215732473545,0.005810167961860671,-0.00037198936287477936
20,real,0.014206245866402116,0.015439263668430337,0.001233017802028221
21,phase_randomized_surrogate,0.005628875248015874,0.005921396191578484,0.0002925209435626101
21,real,0.03488146908068783,0.03278258308531746,-0.002098885995370371
22,phase_randomized_surrogate,0.005318700396825397,0.005657999889770724,0.0003392994929453264
22,real,0.02563910590277778,0.017844087577160495,-0.007795018325617284
23,phase_randomized_surrogate,0.0060302476025132275,0.005890549217372134,-0.00013969838514109323
23,real,0.01941127232142857,0.0230492862654321,0.003638013944003527
24,phase_randomized_surrogate,0.006246589781746031,0.006530671296296297,0.0002840815145502655
24,real,0.04091109664351852,0.013360081156305114,-0.027551015487213403
25,phase_randomized_surrogate,0.0063588169642857136,0.006518649415784832,0.00015983245149911885
25,real,0.015686228918650794,0.010838414214065256,-0.004847814704585538
26,phase_randomized_surrogate,0.006052465691137566,0.006177954833553791,0.00012548914241622498
26,real,0.032084005042989416,0.028388051835317462,-0.0036959532076719544
27,phase_randomized_surrogate,0.006083622685185185,0.005926322062389771,-0.00015730062279541417
27,real,0.01341786541005291,0.015668333884479718,0.002250468474426809
28,phase_randomized_surrogate,0.005814680472883598,0.005784763558201058,-2.9916914682539403e-05
28,real,0.016760137648809525,0.0150613494819224,-0.0016987881668871253
29,phase_randomized_surrogate,0.005900555968915344,0.005520643876763668,-0.00037991209215167566
29,real,0.02005270337301587,0.013115561618165785,-0.006937141754850084
30,phase_randomized_surrogate,0.005191695601851852,0.005758584104938271,0.0005668885030864195
30,real,0.035221974206349205,0.024203869047619047,-0.011018105158730158
31,phase_randomized_surrogate,0.006183965773809524,0.005940066275352734,-0.00024389949845679028
31,real,0.019204850777116405,0.01530719521604938,-0.0038976555610670243
32,phase_randomized_surrogate,0.005940651868386243,0.005665027006172839,-0.00027562486221340433
32,real,0.013124948330026455,0.013733155588624337,0.0006082072585978822
33,phase_randomized_surrogate,0.006323319692460317,0.005841910548941799,-0.0004814091435185186
33,real,0.018105985449735452,0.021448016561948856,0.003342031112213404
34,phase_randomized_surrogate,0.0056613756613756614,0.005588848241843034,-7.252741953262757e-05
34,real,0.009920789930555556,0.01623143325617284,0.006310643325617284
35,phase_randomized_surrogate,0.005796130952380952,0.0058182801477072305,2.2149195326278542e-05
35,real,0.020860150049603173,0.018365799300044092,-0.002494350749559081
36,phase_randomized_surrogate,0.006199156746031746,0.006122495728615521,-7.666101741622515e-05
36,real,0.021714358052248677,0.020944044863315695,-0.000770313188932982
37,phase_randomized_surrogate,0.006185670882936508,0.006368789269179894,0.00018311838624338658
37,real,0.019545820932539683,0.015263137951940037,-0.004282682980599646
38,phase_randomized_surrogate,0.006122581845238095,0.006280071924603175,0.0001574900793650802
38,real,0.01166139632936508,0.009174554949294533,-0.0024868413800705463
39,phase_randomized_surrogate,0.005742910879629629,0.005828510802469136,8.559992283950664e-05
39,real,0.013558821097883597,0.011487509645061728,-0.0020713114528218696
40,phase_randomized_surrogate,0.005727823247354497,0.005719211585097002,-8.611662257494886e-06
40,real,0.013877831514550265,0.008978364059744268,-0.004899467454805998
41,phase_randomized_surrogate,0.005928199404761905,0.005877115024250441,-5.10843805114642e-05
41,real,0.022704768105158733,0.01902271412037037,-0.003682053984788363
42,phase_randomized_surrogate,0.005873377562830687,0.005971739969135802,9.836240630511483e-05
42,real,0.016253048528439153,0.01426578689925044,-0.001987261629188712
43,phase_randomized_surrogate,0.005553230406746032,0.0057058807319223985,0.00015265032517636657
43,real,0.01822286292989418,0.017405736744929453,-0.0008171261849647254
44,phase_randomized_surrogate,0.005560980902777778,0.005524949707892416,-3.6031194885361925e-05
44,real,0.023859488673941796,0.023445663855820104,-0.00041382481812169206
45,phase_randomized_surrogate,0.006127542162698413,0.006082882082231041,-4.466008046737167e-05
45,real,0.026244212962962962,0.026686921296296295,0.00044270833333333315
46,phase_randomized_surrogate,0.005963903356481481,0.006052758487654321,8.885513117283961e-05
46,real,0.016929821841931217,0.014196394124779542,-0.002733427717151675
47,phase_randomized_surrogate,0.006176835317460317,0.005943597056878308,-0.0002332382605820093
47,real,0.033747881531084656,0.024104989941578486,-0.00964289158950617
48,phase_randomized_surrogate,0.005978370949074075,0.006062145199514991,8.377425044091627e-05
48,real,0.01203156001984127,0.013537929205246914,0.0015063691854056444
49,phase_randomized_surrogate,0.006125940393518519,0.006174802965167548,4.886257164902954e-05
49,real,0.014807529348544974,0.014532335069444444,-0.0002751942791005303
50,phase_randomized_surrogate,0.005920242228835979,0.006357921351410935,0.0004376791225749561
50,real,0.02682844535383598,0.014877180472883597,-0.011951264880952384
51,phase_randomized_surrogate,0.005714285714285714,0.005812854800485008,9.856908619929397e-05
51,real,0.03703476355820105,0.030330085014329804,-0.006704678543871249
52,phase_randomized_surrogate,0.005561652612433863,0.005707396384479717,0.0001457437720458546
52,real,0.010834005042989418,0.012439408344356261,0.001605403301366843
53,phase_randomized_surrogate,0.005922877397486773,0.006000434027777778,7.755663029100548e-05
53,real,0.023671358300264553,0.02493005607914462,0.0012586977788800677
54,phase_randomized_surrogate,0.00559456638558201,0.0057512469686948845,0.00015668058311287415
54,real,0.02343925677910053,0.018428371638007056,-0.005010885141093473
55,phase_randomized_surrogate,0.005489934689153439,0.005340763475529101,-0.00014917121362433873
55,real,0.03245861235119048,0.03345720348324515,0.0009985911320546728
56,phase_randomized_surrogate,0.006071066881613756,0.006092630483906526,2.1563602292769962e-05
56,real,0.014946056547619048,0.014527254188712521,-0.00041880235890652713
57,phase_randomized_surrogate,0.005983951306216931,0.006322286292989418,0.00033833498677248754
57,real,0.011276713376322751,0.01204284129739859,0.000766127921075839
58,phase_randomized_surrogate,0.006596602182539683,0.0065626205632716055,-3.398161926807756e-05
58,real,0.010535817625661376,0.012546382412918873,0.0020105647872574964
59,phase_randomized_surrogate,0.005171906001984127,0.0058088245425485015,0.0006369185405643747
59,real,0.011981646825396826,0.017504667520943564,0.005523020695546738
60,phase_randomized_surrogate,0.005875289351851851,0.005955877287257495,8.058793540564359e-05
60,real,0.015294570519179894,0.018402519427910054,0.00310794890873016
61,phase_randomized_surrogate,0.0060131965112433855,0.005838362544091711,-0.00017483396715167483
61,real,0.02651563533399471,0.025104201113315697,-0.0014114342206790129
62,phase_randomized_surrogate,0.0058473875661375655,0.005580856619268077,-0.00026653094686948826
62,real,0.025547598379629628,0.029273640735229273,0.003726042355599646
63,phase_randomized_surrogate,0.006448412698412699,0.006487079061948854,3.866636353615487e-05
63,real,0.01901439525462963,0.01576268325617284,-0.0032517119984567903
64,phase_randomized_surrogate,0.005699249751984127,0.005689587466931217,-9.662285052909787e-06
64,real,0.02707429108796296,0.0242936542383157,-0.002780636849647262
65,phase_randomized_surrogate,0.006079540757275132,0.0061736490024250435,9.410824514991152e-05
65,real,0.014348751653439153,0.012661141424162256,-0.001687610229276897
66,phase_randomized_surrogate,0.005589761078042327,0.006037429728835978,0.00044766865079365076
66,real,0.021278211805555555,0.02109654017857143,-0.00018167162698412564
67,phase_randomized_surrogate,0.005873274222883598,0.0060687934027777776,0.00019551917989417932
67,real,0.020355799437830686,0.010844390707671958,-0.009511408730158728
68,phase_randomized_surrogate,0.006103928984788359,0.005925788139329805,-0.0001781408454585541
68,real,0.012015749007936508,0.013465660135582012,0.0014499111276455035
69,phase_randomized_surrogate,0.003872251157407407,0.004051063712522046,0.00017881255511463913
69,real,0.013007450810185185,0.014631868661816578,0.0016244178516313934
70,phase_randomized_surrogate,0.006124441964285714,0.005996042080026455,-0.0001283998842592591
70,real,0.03199998966600529,0.02898227375440917,-0.003017715911596122
71,phase_randomized_surrogate,0.006059492807539683,0.006218240189594356,0.0001587473820546725
71,real,0.04442894345238095,0.02259682953042328,-0.02183211392195767
72,phase_randomized_surrogate,0.005598338293650793,0.005402509093915344,-0.00019582919973544933
72,real,0.017053623098544975,0.01544815090388007,-0.0016054721946649041
73,phase_randomized_surrogate,0.006043475115740741,0.005858462163800705,-0.00018501295194003637
73,real,0.027380332341269843,0.020726118138227514,-0.006654214203042328
74,phase_randomized_surrogate,0.006345589451058202,0.006276730599647266,-6.885885141093544e-05
74,real,0.012870628720238095,0.013205019565696648,0.0003343908454585525
75,phase_randomized_surrogate,0.005798766121031747,0.0058068610835537915,8.094962522044863e-06
75,real,0.012118210565476191,0.017566344246031745,0.005448133680555554
76,phase_randomized_surrogate,0.006306836970899471,0.006461519648368607,0.00015468267746913608
76,real,0.021464688740079365,0.016631944444444442,-0.004832744295634923
77,phase_randomized_surrogate,0.005803726438492063,0.005651145006613757,-0.00015258143187830628
77,real,0.014162171378968254,0.017018952546296297,0.002856781167328043
78,phase_randomized_surrogate,0.005851934523809524,0.005720262207892416,-0.0001316723159171078
78,real,0.018338500330687832,0.016962150022045857,-0.001376350308641975
79,phase_randomized_surrogate,0.006226851851851852,0.006014126570767196,-0.00021272528108465596
79,real,0.010619729662698413,0.01693919133046737,0.006319461667768958
80,phase_randomized_surrogate,0.006093698330026456,0.006135482115299824,4.178378527336813e-05
80,real,0.010390624999999999,0.013673235642636684,0.0032826106426366852
81,phase_randomized_surrogate,0.005242177166005291,0.005524639688051147,0.000282462522045856
81,real,0.042681826636904764,0.029633005401234567,-0.013048821235670197
82,phase_randomized_surrogate,0.006065641534391534,0.0061134018132716055,4.77602788800718e-05
82,real,0.014388589203042328,0.014624548748897707,0.00023595954585537912
83,phase_randomized_surrogate,0.006134310929232804,0.005844597387566138,-0.000289713541666666
83,real,0.009419074487433864,0.012201605902777777,0.0027825314153439133
84,phase_randomized_surrogate,0.005588779348544974,0.005679150132275133,9.03707837301591e-05
84,real,0.007380435681216931,0.009498870149911817,0.0021184344686948856
85,phase_randomized_surrogate,0.005946077215608466,0.0060917176477072316,0.00014564043209876545
85,real,0.015163380456349207,0.011501374421296296,-0.003662006035052911
86,phase_randomized_surrogate,0.005883763227513228,0.005543533675044092,-0.00034022955246913646
86,real,0.02145797164351852,0.040376501873897706,0.018918530230379187
87,phase_randomized_surrogate,0.00581896908068783,0.006304408482142857,0.00048543940145502704
87,real,0.014562251984126983,0.013289534419091711,-0.0012727175650352716
89,phase_randomized_surrogate,0.006033864500661376,0.005852847360008818,-0.00018101714065255764
89,real,0.02049670345568783,0.022084521742724867,0.0015878182870370378
90,phase_randomized_surrogate,0.00581065021494709,0.005892047646604938,8.13974316578479e-05
90,real,0.02791480654761905,0.025464754188712524,-0.002450052358906527
91,phase_randomized_surrogate,0.005955171130952381,0.005725377535273368,-0.0002297935956790129
91,real,0.03844798900462963,0.039994178516313934,0.0015461895116843025
93,phase_randomized_surrogate,0.00569366939484127,0.005816885058421517,0.0001232156635802466
93,real,0.0145343501984127,0.013157638199955909,-0.0013767119984567904
94,phase_randomized_surrogate,0.005933314732142857,0.005953931051587301,2.0616319444444198e-05
94,real,0.024056661292989414,0.015345362103174604,-0.00871129918981481
95,phase_randomized_surrogate,0.005871104083994708,0.005834831762566137,-3.627232142857078e-05
95,real,0.01841538525132275,0.019440414186507937,0.001025028935185187
96,phase_randomized_surrogate,0.005629081927910053,0.00584998828813933,0.00022090636022927684
96,real,0.034343326306216934,0.025012504133597884,-0.00933082217261905
97,phase_randomized_surrogate,0.005631665426587302,0.005700696511243386,6.9031084656084e-05
97,real,0.021093698330026455,0.02420142333553792,0.003107725005511465
98,phase_randomized_surrogate,0.006288804150132275,0.006042458939594357,-0.0002463452105379181
98,real,0.011165002893518518,0.014236645034171075,0.0030716421406525567
99,phase_randomized_surrogate,0.006453993055555555,0.006409246858465608,-4.4746197089946815e-05
99,real,0.023081907242063493,0.02102311714616402,-0.0020587900958994737
101,phase_randomized_surrogate,0.006077422288359788,0.006188805527998236,0.0001113832396384476
101,real,0.009346581514550265,0.011067863343253968,0.0017212818287037027
102,phase_randomized_surrogate,0.006198330026455026,0.00619223296957672,-6.0970568783059315e-06
102,real,0.018823888062169312,0.02172431313381834,0.0029004250716490286
103,phase_randomized_surrogate,0.0059057229662698415,0.006027491870590829,0.00012176890432098741
103,real,0.015159246858465609,0.016869833002645503,0.0017105861441798938
104,phase_randomized_surrogate,0.005831266534391534,0.00597563244047619,0.0001443659060846557
104,real,0.02593936011904762,0.012550802656131895,-0.013388557462915725
105,phase_randomized_surrogate,0.0059752707506613755,0.005768366953262786,-0.00020690379739858947
105,real,0.015389953290343917,0.019806358162477954,0.004416404872134037
106,phase_randomized_surrogate,0.005831938244047619,0.0059262531690917105,9.431492504409153e-05
106,real,0.0183897052744709,0.014535400821208112,-0.0038543044532627878
107,phase_randomized_surrogate,0.005792772404100529,0.006095351769179895,0.0003025793650793659
107,real,0.021498894262566137,0.02118744488536155,-0.0003114493772045854
108,phase_randomized_surrogate,0.005566354580026455,0.005763906112213404,0.0001975515321869497
108,real,0.04875630373677249,0.024135836915784834,-0.024620466820987657
109,phase_randomized_surrogate,0.00591827876984127,0.005794460289902998,-0.00012381847993827178
109,real,0.013526785714285715,0.01273582175925926,-0.0007909639550264559
